# Generated by Native950EquipmentLibraryAcceptance cache --generate; do not hand-edit IDs. id/category/tier/slot/quantity/stackMode/name/group/sha256
58223	0	100	3	28	0	Masterwork bow	masterwork bow@100	1b5536af444e9e351ab7f642b3ead436c48eced3d1193676b67a0acc2578e40c
27711	0	99	3	28	0	Celestial catalytic wand	celestial catalytic dual wield@99	039ad841833440d9fc31e891d72301fcbb1d863cd31a15ba59d062663ee31620
27961	0	99	5	28	0	Celestial catalytic orb	celestial catalytic dual wield@99	741a5aa1af90fb6905ace7b9962f212f9c58a0afeee6401a57032301bf3796b8
61333	0	99	3	28	0	Entropic guard	entropic dual wield@99	066466f9f5209203e26ca9d03262980099c779ba78d608dff43a92a55d734a90
61355	0	99	5	28	0	Entropic lantern	entropic dual wield@99	f42f17dd7802fac647108efb2cbda299ca50ef985f42d573d6155911f93ea041
16403	0	99	3	28	0	Primal longsword	primal longsword@99	7282c82dc47a263cb6c78ee60ce507a93eb0359476071f3eb3397ada4551c9c1
27913	0	99	5	28	0	Off-hand primal longsword	primal longsword@99	609d5fd5d09df90d5b53c7f3e01fb4a417be8b76b0446441869e5387cb3262c3
56483	0	95	0	28	0	Crown of the First Necromancer (Shadow)	first necromancer@95	ad66a3aa8b50501ec775f0ea459bb3fbf573ba34e73fe8ce55d9fdad3b278f1e
56450	0	95	4	28	0	Robe top of the First Necromancer (Shadow)	first necromancer@95	54f9f1bced4b7c9a5e448a2af3f616b937245b46c06b138e90a29393832a495f
56513	0	95	7	28	0	Robe bottom of the First Necromancer (Shadow)	first necromancer@95	2e75b9756ba2bbb0ec599d20c34659f542534360711d039093f2a971b7de53c6
56476	0	95	9	28	0	Hand wrap of the First Necromancer (Shadow)	first necromancer@95	f2341e1ff691aaa50594a5c364c7c8540ecca1f72687ac008d46e47918d2d2d2
56469	0	95	10	28	0	Foot wraps of the First Necromancer (Shadow)	first necromancer@95	2a5eeab0c52e560c834ca9067dde2606049329d1b7d859ce3bd3b5981aeede63
59934	0	95	0	28	0	Visage of the First Necromancer	first necromancer~visage@95	df481f61857fd7493591d6f043efaf9f821565458aef51d3b626050dbec25b04
59344	0	95	0	28	0	Mask of Tumeken's resplendence	of tumeken's resplendence@95	d49c3cba3c8b7336a215d872ef569568051609da83523d94df7b065fe5eea85b
59336	0	95	4	28	0	Robe top of Tumeken's resplendence	of tumeken's resplendence@95	9d58109118700d13fd12b08df748996d229793bbfeb2cde3eb773e581149c7c1
59346	0	95	7	28	0	Robe bottom of Tumeken's resplendence	of tumeken's resplendence@95	7ebbeaed3a13c5697411d0b597bc3b1eec3f0420ae479d0c673f81a9e1cd7f82
59342	0	95	9	28	0	Gloves of Tumeken's resplendence	of tumeken's resplendence@95	ae00fcdd7e72c4391740b2bd6bbaa218a1d8698c88403e6c5454d41ee967a518
59340	0	95	10	28	0	Boots of Tumeken's resplendence	of tumeken's resplendence@95	f5e8e1a5ee76e5a93739683bd5192576936137655f3adfccbad476b7323073ce
53375	0	95	0	28	0	Vestments of havoc hood	vestments of havoc@95	aff2685034cc507d7c9229e90d0c9dc424d035fd7da3a6834bb3d06d3c9361e8
53378	0	95	4	28	0	Vestments of havoc robe top	vestments of havoc@95	430378b0deb432cc1623cb915ade9c8fe07957de3caf8c0f1bfab7043ab1a05d
53381	0	95	7	28	0	Vestments of havoc robe bottom	vestments of havoc@95	7889fe2a48e9a7d018290f500df610083c732818787f0d2753eeb23df0d47161
53384	0	95	10	28	0	Vestments of havoc boots	vestments of havoc@95	8bfa9d08b2d1259209e5b4e14df7c9553d64c5181c8f62abc43309859824fd75
55145	0	95	3	28	2	Augmented Bow of the Last Guardian (Soul)	augmented bow of the last guardian (soul)@95	02fd1844efe86c159b5aa9ad1d12f414bd96fafc2362345a17b065ace248a787
51848	0	95	3	28	2	Augmented fractured Staff of Armadyl (shadow)	augmented fractured staff of armadyl (shadow)@95	4d1076ee56b588176d42aead1d9dd81430642bca720b6fc0ddfa626abfbeea0a
56429	0	95	3	28	0	Omni guard (Shadow)	omni guard (shadow)@95	c89b39f693c4137e93e31f68bbc8b4dc0e81b956852cb6a3abe9f353704e7d05
56492	0	95	5	28	0	Soulbound lantern (Shadow)	soulbound lantern (shadow)@95	b7f5eba2eebbe14a31d34c5965706234071ab25c1f642a9e14bc31d8251c91db
56124	0	92	9	28	0	Elite Dracolich vambraces	elite dracolich vambraces@92	7acccbf7fff81ec3f89807fb4c259d52f75d8d450eba95b453f8ff3bd7bbe469
56128	0	92	0	28	0	Elite Dracolich coif	elite dracolich@92	9b500b7d96933c7ca24dba300b43f455c44ea253852f4ad7b182a4d4e8e692be
56114	0	92	4	28	0	Elite Dracolich hauberk	elite dracolich@92	b3cb3c9a7fcb098c6df03452bbe1d06b1adb4cf7b49944b6e5938a19fe6562be
56132	0	92	7	28	0	Elite Dracolich chaps	elite dracolich@92	d44c69e5d7d132cd1d88b131cc7a29b06276a3af1a74f277a92fc3d6ecb75072
56120	0	92	10	28	0	Elite Dracolich boots	elite dracolich@92	048c7b60c772ca33d3717245ee7ce59f9e00fa903f531828d25fb205f8b72016
55045	0	92	0	28	0	Elite sirenic mask (Soul)	elite sirenic@92	36142122bca20691f1385e8724b6467127673a8c726f83f908f6573ebc897a0c
55051	0	92	4	28	2	Augmented elite sirenic hauberk (Soul)	elite sirenic@92	9fb50f9a7358cb3c521b05bea75bdc565acbe6dc3a24f7ab1ee2a3cec49f42c0
55056	0	92	7	28	2	Augmented elite sirenic chaps (Soul)	elite sirenic@92	e3f7eb2f66c5bd34ebef342add563dcac6a4470185e9b6b65c8e2149ebd1ae2f
42991	0	92	0	28	0	Elite tectonic mask (shadow)	elite tectonic@92	ce51a1190a4abcdc3b5f625b1f3280bc43517bd1195f2554e382b55b0fd5bd11
43119	0	92	4	28	2	Augmented elite tectonic robe top (shadow)	elite tectonic@92	50bf6e19a3c3c610e640c233128e9db1a9637fe0f0e116bcd71591e0a8050466
43121	0	92	7	28	2	Augmented elite tectonic robe bottom (shadow)	elite tectonic@92	973a2779610665666e286d97cff4b9235f6a1de90eacac4f7cfeec5003b86b13
55109	0	92	3	28	2	Augmented blightbound crossbow (Soul)	augmented blightbound crossbow (soul)@92	7fe8b4524ff0d89604c99f72eb68c665ebc530e77b87364890c4dc7a9b0fa71c
55114	0	92	5	28	2	Augmented off-hand blightbound crossbow (Soul)	augmented off-hand blightbound crossbow (soul)@92	76a97caeae75a5bf1a8307e23837f514f126fd67bac7ab06b6d54192c1c12246
42574	0	92	3	28	2	Augmented wand of the praesul (shadow)	praesul dual wield@92	01555d1ba00fc4b01b2ec794e614fac27d1cc5c8d88ae85ead57c8c4c5d3587d
42582	0	92	5	28	2	Augmented imperium core (shadow)	praesul dual wield@92	4279298182038c60cf4e297836fcfbada3116334a0d037f10cfefea31ca0cac3
51092	0	90	10	28	2	Enhanced blast diffusion boots	enhanced blast diffusion@90	7233f61dd270fbacac5a53ce5fd395f028a21c383844d308cf47267b7c67f653
51088	0	90	10	28	2	Enhanced fleeting boots	enhanced fleeting@90	16408eba71431a870df8f4dbc4ef93fc10b2a03a7f229efeedd00f0b515d25c5
52036	0	90	9	28	0	Enhanced Kerapac's wrist wraps	enhanced kerapac's wrist wraps@90	6febd0435aa895bc00e36768980d3a0d5a242c71d237a73d74afc0fd557b602b
52032	0	90	9	28	0	Enhanced nightmare gauntlets	enhanced nightmare@90	079cc4ef70e0ff7c67e73a7ec8b27a46ddab2ba444e3f7a4b0fb544c3df29004
52028	0	90	9	28	0	Enhanced gloves of passage	enhanced of passage@90	340153fa0bdb164c7a682e2a43009596c0eb0aa3579026cb4627990c2799da6b
59928	0	90	2	28	0	Am-hej	am-hej@90	47f0596566bf461cc5a4c9b034a6abdda2766d7fdea47acf01646e313250ef25
51469	0	0	12	28	0	Champion's ring	champion's ring@0	8e8af2c659ca6cfc09f920dbbc68244697a98c61be2b15d0704826f0d56b9115
51467	0	0	12	28	0	Channeller's ring	channeller's ring@0	cc1af92693c8d420fc6ebd298fd8abc867908c6aedbff212738d308c7a50e3f4
42787	0	0	17	28	2	Erethdor's grimoire	erethdor's grimoire@0	c46f75e4276f441c27c16fe84fbec8c7d932ab90433aa8fd37510c5bc01d0bdc
50471	0	0	2	28	2	Essence of Finality amulet (or)	essence of finality amulet (or)@0	7c3d4464a116093a658ffe5aac9aa327e6294ef8860dcd4fee17cb933ab08c75
50465	0	0	2	28	0	Essence of Finality amulet	essence of finality amulet@0	01167d52775de43a545267c64b46d3978fa13f6a54e4e620d1fd526eb2270ef2
52504	0	0	1	28	0	Igneous Kal-Zuk	igneous kal-zuk@0	c65952ba18a5f36fe9e1811b144d9b766838fd00cc020badb1e3659a49ad055e
56878	0	0	12	28	0	Occultist's ring	occultist's ring@0	1e5d4eb2f3a27af6a3f8faf8d37bb78b7969a0e295db6a7f08df30a0620c7f1e
51470	0	0	12	28	0	Reaver's ring	reaver's ring@0	7330a2b48bb2e069d81aba668db0b67e0f7593626fe8fdd59bdb75f454e825b3
51468	0	0	12	28	0	Stalker's ring	stalker's ring@0	87e09441feccac6a5cd0d64836c6fc71cb6502848a7ccad69129a2736f19716a
55678	0	0	17	28	0	Underworld Grimoire 4	underworld grimoire 4@0	077d21ba99f084b2cc94ea9d5bc37ebe18b9e23c9a73506e1c744c700b339265
58036	0	99	13	10000	1	Primal arrow	primal arrow@99	39f4330568cbf1dbfbb02b6545767bec188542ce9b44706e8bd014ea0263da89
58041	0	99	13	10000	1	Primal bolts	primal bolts@99	7df3ecf1caae1fe66a62c9fd78215f85556fbc9956d4bf40b63cc579d925a1a2
59925	0	90	13	28	0	Nodon spike harness	nodon spike harness@90	59bf9868510bc7219bc231d95ad54b3434f5b0548974a1602ed2a13fbb52687b
52217	0	85	13	28	2	Grasping rune pouch	grasping rune pouch@85	ecd7d39e9400b71dbc47c26ad715ee4f1e66adaf8548c0537a7d2a098158c62e
56142	0	60	13	28	0	Deathwarden nexus	deathwarden nexus@60	bc8fb8519dbdc04039af66e1a2b0e5f81ec954e5082e7ed0ee1def556eb45b4d
50351	0	0	-1	1000	0	Adrenaline renewal flask (6)	adrenaline renewal flask (6)@0	8035d712d62db22d9942b6bfadbbb494f1c7e109646542d2b2df2d864e2b6ade
556	0	0	-1	10000	1	Air rune	air rune@0	117de921b349db28c25e1b5712931ecc8a88faf15f1fb91a7d440679f91cba76
565	0	0	-1	10000	1	Blood rune	blood rune@0	ad4df134e3d9e42a861ee5cd4d7ee1d5e8cfba27cb669fb319121166f2c3e801
55338	0	0	-1	10000	1	Bone rune	bone rune@0	fb88b015528637f9b1736222c07f39bdfb395814fdfe010f72ffc2e6741e2f53
560	0	0	-1	10000	1	Death rune	death rune@0	9e6ea374527f9eb54494e77830dbaf1fa47d32312f50213ad174e1f0a7182f36
557	0	0	-1	10000	1	Earth rune	earth rune@0	bb6d975005cabefc616ec6fcfa8931a9db022790e393c476bcc634edb9a8387c
55336	0	0	-1	10000	1	Ectoplasm	ectoplasm@0	1270a2a6bbe74c98f63471f26dc298bcb7d2d6171802ea22dd2cd3ec667a1ddc
39230	0	0	-1	1000	0	Enhanced replenishment potion (6)	enhanced replenishment potion (6)@0	0f1af234d9ed79625043180ebb0801ad602dee4797ac5f32c8c0c3d969cf4bc5
554	0	0	-1	10000	1	Fire rune	fire rune@0	9dc1d4469311a9ef197f09389547e55ab9ad7603913ce182a85a369914bcf67c
55339	0	0	-1	10000	1	Flesh rune	flesh rune@0	8c4fe59882f4722657cbdb8b1041ede7504577d33cf1c990f06347e7563d70c6
563	0	0	-1	10000	1	Law rune	law rune@0	05a32b219929d24b048070b84c6019fe6b5fa548621b4a3c7838ba5da996dfc2
55340	0	0	-1	10000	1	Miasma rune	miasma rune@0	00e204c6a6e4ae30652ef5ea10d481aa18a2cc2118ddaa61ac07e4c353817eb1
23531	0	0	-1	1000	0	Overload flask (6)	overload flask (6)@0	1b36021dabeedeb749f7bf9dd9ca340f926a236285e7eca0128c2b01237065b6
42251	0	0	-1	1000	0	Sailfish	sailfish@0	76ad47c1689097a21447f296987c0f1d41df5446935b95f3e24b01b383d4bd21
23351	0	0	-1	1000	0	Saradomin brew flask (6)	saradomin brew flask (6)@0	b69efcf67c0435bf64aab7f3340587fd177ee71d80ea9ae3da2cd815af5fafe7
566	0	0	-1	10000	1	Soul rune	soul rune@0	5d043110121f8819e4b14b59eaed387a0e5c863f16991859a3504c51b44b12a1
55337	0	0	-1	10000	1	Spirit rune	spirit rune@0	839c1af16ef71233b304844ed9d38df020dc6fc5ecf68a565bf7c92ed31cc69f
33186	0	0	-1	1000	0	Super prayer renewal potion (6)	super prayer renewal potion (6)@0	638a697791a6538ee83511ef00ebf5f3d9b1ddc234c49c6f35df66c6451243c6
23399	0	0	-1	1000	0	Super restore flask (6)	super restore flask (6)@0	0d411110d44787e8410c4d407864d2ce55f355279d542b31e17943336573c44b
43357	0	0	-1	10000	1	Torn grimoire page	torn grimoire page@0	623a676ad7206de102ee75dd44b0de5304821b51c0112a9b9149bb7aae2537d1
555	0	0	-1	10000	1	Water rune	water rune@0	1579a3ac5d8ce2e14126fdfde438d38f2d81bd34b0b5209d70f0851bea3b029c
57290	1	99	0	28	0	Primal full helm + 5	primal + 5@99	23e398d9d078c671766bb2ced6a5dd2375f63738c7894e3d70e2905706120bee
57352	1	99	4	28	0	Primal platebody + 5	primal + 5@99	7568bec29db4be41754e3e5595fc44b30224dbcee65409b4b39e6e5f5c2cc53f
57383	1	99	7	28	0	Primal platelegs + 5	primal + 5@99	007c065bace8ee34662896560c21a06fc22951aff10780dbfcea3f0a88a7dbc9
57259	1	99	9	28	0	Primal gauntlets + 5	primal + 5@99	ef0809f827c5aaccdca14a030d65bb612ccd1c65a1fce1d6aefa32af2ac6305e
57228	1	99	10	28	0	Primal armoured boots + 5	primal + 5@99	af3afe70ff7b7b34afbb8b77bbc1461761ddbe58b5fe2635abc21e79a3b664ee
16733	1	99	4	28	0	Primal chainbody	primal@99	a36a44b24afe3f5244cce4b32622f5ee750de89839d3704d9f43712ce410a695
16667	1	99	7	28	0	Primal plateskirt	primal@99	ef25e61b9da85f294cb5335a3f6da0d43f2537ff87d70e073aa973835723a6f4
16359	1	99	10	28	0	Primal boots	primal@99	0c3a1821af2ee9a4a979c0f49dccf5c54abe3084d8486dc77e9b2151b6b8e8f9
57462	1	99	3	28	0	Masterwork 2h sword	masterwork 2h sword@99	648f9ef38b95b17522607579000fa5df31da6a7a2d92be1bb43ced13fd1a6154
57429	1	99	3	28	0	Primal 2h sword + 5	primal 2h sword + 5@99	b891b6c952d9041abd55a0d58e7ef92977e01ad49ebf0dfbef4b67a81a298c8d
15773	1	99	3	28	0	Primal battleaxe	primal battleaxe@99	596ea16e7fdaf2883afa7915bee304f9f85f83021a6721447f32c2e18fec3bcf
27935	1	99	5	28	0	Off-hand primal battleaxe	primal battleaxe@99	ddd6fbad92c5ad918810340ee290a010fdbf7220f3e517d240f07b8c5432ae54
16837	1	99	3	28	0	Primal dagger	primal dagger@99	5002c61dcfd4179ba153fc6bcc1d8a2f812fe92d4682ea24ea927c42adb2d01b
27994	1	99	5	28	0	Off-hand primal dagger	primal dagger@99	f0f0608f957be78cae0c91084e117791bf8217b10fd6a06097233de146f3421d
57321	1	99	5	28	0	Primal kiteshield + 5	primal kiteshield + 5@99	050acdd4db9a1feb8d845f64615a7b2ae9fe4fe4aba18c75ca49d9e085f555a9
16403	1	99	3	28	0	Primal longsword	primal longsword@99	7282c82dc47a263cb6c78ee60ce507a93eb0359476071f3eb3397ada4551c9c1
27913	1	99	5	28	0	Off-hand primal longsword	primal longsword@99	609d5fd5d09df90d5b53c7f3e01fb4a417be8b76b0446441869e5387cb3262c3
16425	1	99	3	28	0	Primal maul	primal maul@99	93f848be21d6490e4c3b6272574e33b739585be8058056ae53ed64b1a372e551
58213	1	99	5	28	0	Primal off hand warhammer + 5	primal off hand warhammer + 5@99	c78c30906490517b7bf59f90d511fab7ea0615605105dba5d198cb2b624aeebb
16955	1	99	3	28	0	Primal rapier	primal rapier@99	39b29bf330bb51eed7a16b8ffff980e68a289217b49123e1741429c2f1038416
27663	1	99	5	28	0	Off-hand primal rapier	primal rapier@99	dfd474288c7142e4e4bde27842e368455b69c7941bd9192af58ce3f0eaaa5403
17143	1	99	3	28	0	Primal spear	primal spear@99	17e438fc10f2f2db2c258489513bd22a6e04f0c0f39365db463ca65837829356
58182	1	99	3	28	0	Primal warhammer + 5	primal warhammer + 5@99	b71a6b15ea1a792d18277783e0ee292aa10f16f8316c922ecac109df5524734c
27685	1	99	5	28	0	Off-hand primal warhammer	primal warhammer@99	c5231c41df458beb1306938880eb9ee626dde22664d1209e88e3824036374cf8
53375	1	95	0	28	0	Vestments of havoc hood	vestments of havoc@95	aff2685034cc507d7c9229e90d0c9dc424d035fd7da3a6834bb3d06d3c9361e8
53378	1	95	4	28	0	Vestments of havoc robe top	vestments of havoc@95	430378b0deb432cc1623cb915ade9c8fe07957de3caf8c0f1bfab7043ab1a05d
53381	1	95	7	28	0	Vestments of havoc robe bottom	vestments of havoc@95	7889fe2a48e9a7d018290f500df610083c732818787f0d2753eeb23df0d47161
53384	1	95	10	28	0	Vestments of havoc boots	vestments of havoc@95	8bfa9d08b2d1259209e5b4e14df7c9553d64c5181c8f62abc43309859824fd75
52511	1	95	3	28	0	Ek-ZekKil	ek-zekkil@95	fbb4648aa99cf3259fa286fd9ff555b5d44a3ada5b141c0581bbba18fc5dfdf6
52053	1	95	3	28	0	Dark Shard of Leng	leng dual wield@95	e9df36cdffdbde6dd5f79fd30b40713d1acbd90c56eb64809ebbdb12818d8023
52057	1	95	5	28	0	Dark Sliver of Leng	leng dual wield@95	e99e7c001e84a97559eef5d2bf9fbc3b8e1406aeeb536273b831f5123739ce7e
59350	1	95	3	28	0	Tumeken's Light	tumeken's light@95	fc1e51face12362505e6a0bd2f5efb4023f7d8797ae55bc9f35331add1ec41ac
46038	1	92	0	28	0	Trimmed masterwork melee helm	trimmed masterwork@92	1c43632ecf71bacd75cf770db4366c2eda4fceb097d6ae1195e14d8aeba180e8
46053	1	92	4	28	0	Trimmed masterwork melee platebody	trimmed masterwork@92	c715a27c5f0396b941b4eb7c8fd06baa641c7624a100494d249d1bec72a6e130
46058	1	92	7	28	0	Trimmed masterwork melee platelegs	trimmed masterwork@92	8d619b6a0062ad6fe0349ca0211cc96bd24c9741447d0bf950a37ec0f56a628c
46043	1	92	9	28	0	Trimmed masterwork melee gloves	trimmed masterwork@92	145ceb08b8c25471706a82dc004a64f0657c41177ccdaec9dea376ede577dc39
46048	1	92	10	28	0	Trimmed masterwork melee boots	trimmed masterwork@92	725cf76580f7f0d2a3dda421b96a58abd9693a162f14e444bddaf9f6514b8e1d
52931	1	92	3	28	0	Abyssal scourge	abyssal scourge@92	6cf23ad550501f5c6ec1ff2e0ad9a79033976bbdd753248e501337b2334007be
40659	1	92	5	28	0	Khopesh of Elidinis	khopesh of elidinis@92	39dc3cfaac2a9814caa12639726de8c74582b3421189f3aaebf3c7760631a63b
40655	1	92	3	28	0	Khopesh of Tumeken	khopesh of tumeken@92	758de03e3d7283fc03622546736cbf8c273e98d90a0531426ffdd29beaa74c68
49970	1	92	3	28	0	Masterwork Spear of Annihilation	masterwork spear of annihilation@92	ee44e9f09eabbe2aeb0249f754cbc069a5224c8d275b198ddec70bef21a25928
37640	1	92	3	28	0	Zaros godsword	zaros godsword@92	4e8129020143ba396b47f3e8939137a4046e8fc9f889eb2b0a76b5d73c8148bc
35182	1	90	7	28	2	Achto Teralith leggings	achto teralith leggings@90	f30dba5876eb79e712fc7ce06bd5599e516d9e55935f4a9a9060b30a724cc118
35174	1	90	0	28	2	Achto Teralith helmet	achto teralith@90	a6c5894cb36a9198b70cfef0cad24a4d3e3b3f49d6a758e3529fda7cbc738dd1
35180	1	90	4	28	2	Achto Teralith cuirass	achto teralith@90	88315cd5b6d0187ca6db3da88ab104b97c87d8d0506259fd21d7066fb4a2c108
35176	1	90	9	28	2	Achto Teralith gauntlets	achto teralith@90	54c583479b8a102978649655f9d5aba5d62f6ab5ccbbac8435e55e22af002037
35178	1	90	10	28	2	Achto Teralith boots	achto teralith@90	18a1ebbb7ad95101e9b9bf2e420dd27d9eeae756a00d9eaddb591dab06daaff5
45680	1	90	0	28	0	Elder rune full helm + 5	elder rune + 5@90	a602982774ad7566f21283356b3e77e66d0a42828c6bd03e47a28dda3a1c5e98
45742	1	90	4	28	0	Elder rune platebody + 5	elder rune + 5@90	9722fbded9163068e1ded3e339085cf6536f9f6dd970f966ce3cc2b117622fdf
45711	1	90	7	28	0	Elder rune platelegs + 5	elder rune + 5@90	fed5792496c3e43fc684d6dc08fd35889c7fb03743369ddef7914f881e822979
45835	1	90	9	28	0	Elder rune gauntlets + 5	elder rune + 5@90	ec569363a59a3086d3df947b1a0631703f8084609d87971795abc8c9f3689457
45804	1	90	10	28	0	Elder rune armoured boots + 5	elder rune + 5@90	167e515404f7b658b00ca9882557e4a1626174b0f3269d36d68b80184f8b0eb1
34978	1	90	10	28	0	Emberkeen boots	emberkeen@90	1106ec937dbe16cd6cd83ed94791db635873bd5c1a50cb2ed0596fffdda677ef
51090	1	90	10	28	2	Enhanced laceration boots	enhanced laceration@90	fadd4a7c11608b9deaad2af40dcebc00da93b62093c2de7228ce2e895c454022
52028	1	90	9	28	0	Enhanced gloves of passage	enhanced of passage@90	340153fa0bdb164c7a682e2a43009596c0eb0aa3579026cb4627990c2799da6b
30005	1	90	0	28	0	Malevolent helm	malevolent@90	ef0f13310b9df709be5b5f14fd76cb4f61ddfb1884fe409636466fedbf2a3e5c
30008	1	90	4	28	0	Malevolent cuirass	malevolent@90	829fbf7f3751a9eb2ed6e17ad4fb21e9bece04079aa65f9548b611bac21c0002
30011	1	90	7	28	0	Malevolent greaves	malevolent@90	a2d4c1b657e0fafa8928946d53fa38bfea399ba77cb5fda5b5755df2b0973243
45955	1	90	0	28	0	Masterwork melee helm	masterwork@90	681c75d807095ad1aa974538c872c8101e32557aa9577262f78b9d152a327e63
45970	1	90	4	28	0	Masterwork melee platebody	masterwork@90	4ee3678715f4be3ab42d75ff80b536a731add0c23a88e215ca45bf0b0d786607
45975	1	90	7	28	0	Masterwork melee platelegs	masterwork@90	36adaf79324333f0a1cb22fa5ea6098d6829a4b498078c5e7e99667550dba920
45960	1	90	9	28	0	Masterwork melee gloves	masterwork@90	e10d1ee17426e8837ee36e79f904f296538327f8abcbd543fd975b35ab9c3542
45965	1	90	10	28	0	Masterwork melee boots	masterwork@90	e9bff01e0ad49596b4d15912a602f9312d83f50faa21faa72afa963f0d58fe72
16709	1	90	0	28	0	Promethium full helm	promethium@90	8f9e167a75185ab27084b9be0c9031c8681b884e271438730c6209b8142a5931
16731	1	90	4	28	0	Promethium chainbody	promethium@90	0e61c0bd0fb14fc94c682d2d5d1d1f766dba38149adbdfd73bfad484dd20f26b
17257	1	90	4	28	0	Promethium platebody	promethium@90	10ecad1d36666edef1f75bbf16538010d4ae1427fd79fd7fb7ecc36fe6fa8f39
16687	1	90	7	28	0	Promethium platelegs	promethium@90	7319a31d76919aa93cb06f7d42e7ed5783ed63986ced29bdfdcf7a2daad95bad
16665	1	90	7	28	0	Promethium plateskirt	promethium@90	b1051264b5d17087ad93e8c9b01334339c6951aab1aa795561b7536aac6dfca5
16291	1	90	9	28	0	Promethium gauntlets	promethium@90	7e6035531df66e66104bcd4eb52dda49d43b76f22771a3ff0c078ce6f05395dd
16357	1	90	10	28	0	Promethium boots	promethium@90	20aaee0f9854169a1b91caaf382a20dafdd2b4782fb993f37d26c6f2bd533e13
30213	1	90	9	28	0	Razorback gauntlets	razorback@90	f5b6c1f88315b4dc1c0d906ea98b95918fe00be736e4cf2d2d4c1636b3e4fa1b
35173	1	90	7	28	2	Teralith leggings	teralith leggings@90	32b934a8237cf0f61842b4a16cbbe69111b7d7b7b6a5de9d3787612f3bb5fab6
22346	1	90	3	28	2	Dominion sword	dominion sword@90	ae1bfd9375243b1042864e7ab6bb7c99bcc0533e826285fb6c87f025fcd656df
26587	1	90	3	28	0	Drygore longsword	drygore longsword@90	15e7b2b5438600eeabfccfb3204beaf0cd3968d3e7d2aa9ceafe766763f6dcd6
26591	1	90	5	28	0	Off-hand drygore longsword	drygore longsword@90	2b9dc1da130fd92b524b3af634edbf80c61cc6476967523975d5771724b44f8e
26595	1	90	3	28	0	Drygore mace	drygore mace@90	b512b13ca569caf196cfb53389efab489a99a59fbced75dc228ce4620693e00e
26599	1	90	5	28	0	Off-hand drygore mace	drygore mace@90	ead6334a3ec556d568071d1a9679b3fcf01ba09fe750a26ad0c6904ded767224
26579	1	90	3	28	0	Drygore rapier	drygore rapier@90	407eefd3afdc1b119f5a4422cbcfdae59c9f26e532590891d4279b02b6b529c4
26583	1	90	5	28	0	Off-hand drygore rapier	drygore rapier@90	4afafdefab5aeb59a757a061f575855971e772378d5a3c482f13c1203a7cccac
45636	1	90	3	28	0	Elder rune 2h sword + 5	elder rune 2h sword + 5@90	65b3971055c0f32ab006e69e6e0111b995f1ee322b8cda7ac000b3cfa24b84e9
30014	1	90	5	28	0	Malevolent kiteshield	malevolent kiteshield@90	1b43ebdc70c3729f6e1e5dbc2b464b8e4fc902acd4bf5b7652b70a90b58b91ae
31725	1	90	3	28	0	Noxious scythe	noxious scythe@90	4066ba9d3a449d303fc1877ee0bdb4450c32110138d3b5dbd92171032100ba59
40312	1	82	3	28	0	Khopesh of the Kharidian	khopesh of the kharidian@82	1c2b36d28a2e4b2cb62dee657da72c7492d1bb46651d921f30d11590b5a8e6c7
40316	1	82	5	28	0	Off-hand khopesh of the Kharidian	khopesh of the kharidian@82	83137066f922ea2011a9743178f1b71052c30f1955b1ab83dcc0a1356ae0ba9b
48103	1	82	3	28	0	Laniakea's spear	laniakea's spear@82	415f435e979fb5f7c978de799c3dac35845815fd1fa87bf1473609316d6954c2
43053	1	82	3	28	0	Masuta's warspear	masuta's warspear@82	e2b565ca31ad916b2e65a55e8df9c7f3355f0418bd82e17ab0620d890807b653
37034	1	80	0	28	0	Anima core helm of Zaros	anima core of zaros@80	b3a0ce4495ce9620dee9b2a04fa83c8edf9b2019404d024993856d6312dfe382
37037	1	80	4	28	0	Anima core body of Zaros	anima core of zaros@80	c61dee1850d2ab9011027276e51cb3b6140cf1a54cacfea7d38b78eed89631a4
37040	1	80	7	28	0	Anima core legs of Zaros	anima core of zaros@80	c734eeca6a7145204bd4bf25a20292452c62b33f06f632467d67acec3bbd67c7
45185	1	80	0	28	0	Bane full helm + 4	bane + 4@80	19050fce9f913539affb24e514687538172ecec4203f19b0076c0bc94bc88d2a
45237	1	80	4	28	0	Bane platebody + 4	bane + 4@80	ffea5cd20ba43e4d75ccd0f2aa927ac1c075be0023b5d8956e8c9c196b0962f8
45211	1	80	7	28	0	Bane platelegs + 4	bane + 4@80	d425e14ba1c78733690c4a1a309d85113c830a76b86cc9c33be9d2b2673f848c
45315	1	80	9	28	0	Bane gauntlets + 4	bane + 4@80	3c05d8323adbeeee3aea1367baf426fce0b47cc3e8f6276da722d1a7c3fbe75d
45289	1	80	10	28	0	Bane armoured boots + 4	bane + 4@80	fbd58b47cdbddd610c602faed8b1655ecafd6f4b7794e7444014ee38ee74a53f
16707	1	80	0	28	0	Gorgonite full helm	gorgonite@80	4e8fa520849d2e4bcc0b480c1af0cec4eb47d99dd5ac5b1cc932065ed1cdd1b5
16729	1	80	4	28	0	Gorgonite chainbody	gorgonite@80	a72336306678391930c258c2cea7bdf95d59317516f4b90c719e80e35b28d8fd
17255	1	80	4	28	0	Gorgonite platebody	gorgonite@80	8b31416469579003774be2846837e5331b278dbf03cc78c76e31662a192adec0
16685	1	80	7	28	0	Gorgonite platelegs	gorgonite@80	1808db4d64782531ee9930988b301493f41c783a8ea12230c4bc8eaef9402774
16663	1	80	7	28	0	Gorgonite plateskirt	gorgonite@80	5b3fc7ad113bf1c72c89f5d4a7d9631c86acb5d2e9103aa63f7d6f6466942e25
16289	1	80	9	28	0	Gorgonite gauntlets	gorgonite@80	eaddb151a8c3e718d99894d838613e18c4a4592b73e71d327654b87f26e44f7c
16355	1	80	10	28	0	Gorgonite boots	gorgonite@80	8897ac16d6c055c87f4a1e6948e7f2a62ac3eaf96ef5b7a5ae3e8c0a48ff1770
48081	1	80	10	28	0	Laceration boots	laceration@80	83a1d4210e58df0e09fe8bb2340f003c05949fc33221183aca6fc312bab489e2
37433	1	80	0	28	0	Linza's helm	linza's@80	c294d9c1e7b413bee664fa708e227b974748a49e1354b252f605bca1e6e82435
37437	1	80	4	28	0	Linza's cuirass	linza's@80	188222d788d112f0523e2c7c156d0c2e67ac4c3f6f5cf258e248a37c59ac4e40
37441	1	80	7	28	0	Linza's greaves	linza's@80	b19051a60b3ae3ae0832cf8e9043356bae040c00c0b6013d5b404ff06aa78ae1
20135	1	80	0	28	0	Torva full helm	torva@80	b9da3d3f72b07d067a24117463cdd5004c6d9ae00b0c003daa279ce73dfca766
20139	1	80	4	28	0	Torva platebody	torva@80	f810fb874615c5ed7bbd2ffa6a447d7cc950eb4bc91b51d9068b34fe6e311f6e
20143	1	80	7	28	0	Torva platelegs	torva@80	e0a2fad302b1efe76cc50763a2a84e18b40d56e0c110cd9e86eb103683d18a40
24977	1	80	9	28	2	Torva gloves	torva@80	9478fd2dc65990ad1804f887c9cb161fbae9d97bfca08c88bf7f879683456350
24983	1	80	10	28	2	Torva boots	torva@80	d3ab3978013f83239e25dd31c03c6220fc6b1e22a22b6b4acaf1b69b03cb4191
45321	1	80	3	28	0	Abyssal bane 2h sword	abyssal bane 2h sword@80	03abdd6b7f02656c2a941f82a82590fefe030d45d9d4fc617a2013b0d441cfd0
45328	1	80	3	28	0	Abyssal bane longsword	abyssal bane longsword@80	6b8c62fdfc47c23a7e6cd7d5f39fb3865caa9c19f49d00be1582d07e75dc0fa4
41889	1	58	3	28	0	Dragon cane	dragon cane@58	daa5f85b02b8d0cce83888e48578a8f7139a7bca2be8415b7e0fcb550a91c63a
10589	1	55	0	28	0	Granite helm	granite@55	375fd65479773ee918efaefa3103dbf3249b0cf0aa04f78dae22f0195396e457
10564	1	55	4	28	0	Granite body	granite@55	fa732badac2e1271730737fba8057503188174b507596f8d3ce6ee4303b9af3c
6809	1	55	7	28	0	Granite legs	granite@55	a9fdde3f3273cf6adcb934e22fd5b2f600863c65eb34fadb891015314f777404
34830	1	55	4	28	0	Gud raider chainbody	gud raider@55	0e0a0bdd01364a0cf614072440bb824a9c9fc05a5f08f0ead915353eb0de466b
10828	1	55	0	28	0	Helm of Neitiznot	of neitiznot@55	9389e52847f54ff682407da0a52b128df1cbc6ad14becc3a55cfb22b69ba4b0f
14679	1	55	3	28	0	Granite mace	granite mace@55	ea7c568c6578924566c58f18f1dacab71a7a7ea44e03fd483e92f19255bb8eb1
4153	1	55	3	28	0	Granite maul	granite maul@55	88285fdb7ebda17fc632cb1ae36a69f84e71c0867f52c9664d365357090ae831
3122	1	55	5	28	0	Granite shield	granite shield@55	358873639129fcd2487e033cd55911c5f1be47830d37dcd4e798bfc420070210
18369	1	55	3	28	2	Gravite 2h sword	gravite 2h sword@55	9c0f19d87d884b30cb0543cf8fa790a085d78a42f1522f0c1554052fe453a09a
18367	1	55	3	28	2	Gravite longsword	gravite longsword@55	0bd05c5fe3c3643e4c6cb5eede35e159e869c98631ca18868aee4ddf902f27ce
36871	1	55	5	28	2	Off-hand gravite longsword	gravite longsword@55	97ad211cd61e33fe48433f7b2cb45315e062ccba73ca7106821499d224f5e7dc
18365	1	55	3	28	2	Gravite rapier	gravite rapier@55	5361438d7620b8841e0086c0d67b9343487fbf38e0963da8ee156879da17d7cb
36869	1	55	5	28	2	Off-hand gravite rapier	gravite rapier@55	6ec45750db4b3f57e754814a2885919e260535a527e167483a0625209a4fae2e
34828	1	55	3	28	0	Gud raider axe	gud raider axe@55	9d9045360d12f12d051125cda2b3fcb834efff87baa8ae45232898cb6c9497e7
34832	1	55	5	28	0	Gud raider shield	gud raider shield@55	cc24c39a2c0bfb5c154fa49659e489fbbb115a2409b3f8d282397400c0536905
4158	1	55	3	28	0	Leaf-bladed spear	leaf-bladed spear@55	fc59c58f808c04fdf24fe98d23604d8f6f388986b2102321d1f748bd31d3c816
13290	1	55	3	28	0	Leaf-bladed sword	leaf-bladed sword@55	c048a9cbb65b0dad28c388f341d68c7d7bcf422b7adb519175c29a2fbffba117
25564	1	55	5	28	0	Off-hand leaf-bladed sword	leaf-bladed sword@55	b0d571bd2fb663152999abb21c8ecf100e348298f77d07124ff3d46e51d1ed18
24852	1	55	3	28	0	Shark fist 4	shark fist 4@55	9a85388171ec120578a1de1e63d4bb5cdf5433c3ba8cae634f7f36c980a4b681
25956	1	55	5	28	0	Off-hand shark fist 4	shark fist 4@55	d2aa15e0b3e197e76b8ce8f35f9d79dc10e71707033a02e804c5941e4de3664e
11200	1	50	0	28	0	Dwarven helmet	dwarven@50	870949bb06e829ab6a485542c353ac4641dc0db094b88970f03b22da49d61ead
10551	1	50	4	28	0	Fighter torso	fighter torso@50	285c013f23cbcc52799ff745d1d13330a1798ca2c16ad2aae1ed306e912df244
58223	2	100	3	28	0	Masterwork bow	masterwork bow@100	1b5536af444e9e351ab7f642b3ead436c48eced3d1193676b67a0acc2578e40c
60638	2	99	0	28	0	Apex hide cowl + 5	apex hide + 5@99	852fab00854f162c6a8d63cf1c284463d81b2a78881527a0e2ea727787c1677f
60662	2	99	4	28	0	Apex hide body + 5	apex hide + 5@99	8cb2edae83699209fced06855b075e072e30578181d8baf5659929f2382638fe
60650	2	99	7	28	0	Apex hide chaps + 5	apex hide + 5@99	47d94ae86fe5699802464cc9f88202cde42239149c7a6f91011b7d00b0bd6999
60614	2	99	10	28	0	Apex hide boots + 5	apex hide + 5@99	20fb2b0af6f23a119c9115cb19af5c0b87d0ad6269e7e5caa3851c68c7351720
60626	2	99	9	28	0	Apex hide vambraces + 5	apex hide vambraces + 5@99	b481d074073d32c9f0558be25bec964c46d3b093e01cfba2822f249f80615108
60565	2	99	0	28	0	Masterwork ranged cowl	masterwork@99	6c5bb7dab52d71f9ea9c5f505e29d777312ca850789dd5543d32ceee756a0ee4
60583	2	99	4	28	0	Masterwork ranged body	masterwork@99	e1a3daac3ebabc3ad9425057d3192fc9269f5cd24924d4b81be8cddf5d0febff
60572	2	99	7	28	0	Masterwork ranged chaps	masterwork@99	4519f223db23301df2c2bb308bc2f1bab836fb332c1cc37374ce4ba0da25bf88
60558	2	99	9	28	0	Masterwork ranged vambraces	masterwork@99	5883440eca32bdccdeba56436b2ea4692385c87af4cf60b3c4362f5956035924
60551	2	99	10	28	0	Masterwork ranged boots	masterwork@99	07784980b5392a5b695718697723830e00258e85bacb8b6e5a045e2b5d4fd9e4
17215	2	99	9	28	0	Sagittarian vambraces	sagittarian vambraces@99	5031da5a35757774e2f2bcc1a56045ab78e9fbbe1a88bd478a50cbb2bc5028af
17061	2	99	0	28	0	Sagittarian coif	sagittarian@99	05f3c8bc8bc90c6a0d2e7c2a40aa7baf5b73e9bee52d8c754977cd8f8c107e5a
17193	2	99	4	28	0	Sagittarian body	sagittarian@99	81bb4177b746f7547ac5b099d4fabe4c751c02277b0e39d4a554a47cb84e7b3e
17339	2	99	7	28	0	Sagittarian chaps	sagittarian@99	f40122ea134eae5cdd66527f788cc57492ab426ef7f269be32c0c17d42cb6ec3
17317	2	99	10	28	0	Sagittarian boots	sagittarian@99	a321e5888adffd12e9c39ec96fc57e292320f8e18526bca06285c1db9798441e
27973	2	99	3	10000	1	Primal knife	primal knife@99	af8e0a535d1080e391aba883f31cf5191cc5ac6e8553ceb1e0e4ef340e207b2c
27723	2	99	5	10000	1	Off-hand primal knife	primal knife@99	510afe17fd486824cd3e072ccd887639062dabe47fa9b694b7d4c44b689765db
16337	2	99	3	28	0	Sagittarian longbow	sagittarian longbow@99	a94f2da3ecd076cde9c94643f526a4c02f15b3d61a378e48dee1667dce66a64d
27891	2	99	5	28	0	Sagittarian shield	sagittarian shield@99	19d396d39800e93cd9a4b2dd7e2e3e133542f81b726fbda573328169e84ea07a
16887	2	99	3	28	0	Sagittarian shortbow	sagittarian shortbow@99	5ddf99e2637c2ef63898bce551d391ad6ca83ded1df5c096f7e319d92b1979cd
17295	2	98	3	28	0	Hexhunter bow	hexhunter bow@98	411cdd8e8ae5eb9a1159c81628407e3eef08ee38531c621754b6d5a0f7ebfffb
53338	2	95	3	28	0	Bow of the Last Guardian	bow of the last guardian@95	233aefb1e76d6207b8b5c5343b886e814bdf9be4e19f2ad3b88032265ffdb277
56124	2	92	9	28	0	Elite Dracolich vambraces	elite dracolich vambraces@92	7acccbf7fff81ec3f89807fb4c259d52f75d8d450eba95b453f8ff3bd7bbe469
56128	2	92	0	28	0	Elite Dracolich coif	elite dracolich@92	9b500b7d96933c7ca24dba300b43f455c44ea253852f4ad7b182a4d4e8e692be
56114	2	92	4	28	0	Elite Dracolich hauberk	elite dracolich@92	b3cb3c9a7fcb098c6df03452bbe1d06b1adb4cf7b49944b6e5938a19fe6562be
56132	2	92	7	28	0	Elite Dracolich chaps	elite dracolich@92	d44c69e5d7d132cd1d88b131cc7a29b06276a3af1a74f277a92fc3d6ecb75072
56120	2	92	10	28	0	Elite Dracolich boots	elite dracolich@92	048c7b60c772ca33d3717245ee7ce59f9e00fa903f531828d25fb205f8b72016
43155	2	92	0	28	0	Elite sirenic mask	elite sirenic@92	4c778bd37f373bec093d929844c693340c5dedb3eb5f8b35efbf41ba1a1442b9
43158	2	92	4	28	0	Elite sirenic hauberk	elite sirenic@92	7ab5ddc811bbf7cbbe955f530747b65e893da02c21cef6e3144cf6f0623c7da7
43161	2	92	7	28	0	Elite sirenic chaps	elite sirenic@92	8107fef932a1409f7aa33b14dc70f8b021b6bbe1111b85afce306274bba11c6f
42770	2	92	3	28	0	Blightbound crossbow	blightbound crossbow@92	d37ce3c2dd5ebf0956c5150787e0fb9bacc46606e2ea99ab262bf561ff25d362
42774	2	92	5	28	0	Off-hand Blightbound crossbow	blightbound crossbow@92	3a9ff6d42ba796a1cf28c203fda2edac97b039ba7126cdca2c314f17d81f1928
47470	2	92	3	28	0	Eldritch crossbow	eldritch crossbow@92	26c30361688e75be80fead1c3cefc172d867a68cb09b4616bd37279d7ddef3a7
37632	2	92	3	28	0	Seren godbow	seren godbow@92	d07f3e32b742caa034df273ba3d49c2ae08f913c37dd1b7f1f594e539f026e14
35189	2	90	0	28	2	Achto Tempest cowl	achto tempest@90	9a0b13040c9171f56dcaf61f7c0f1d6fbd633d62ff6983aae1f068382eaaae3c
35195	2	90	4	28	2	Achto Tempest body	achto tempest@90	62dc0331673624b77f1880b32e4a2f4f680d6b43fce0ea51058fd00955874076
35197	2	90	7	28	2	Achto Tempest chaps	achto tempest@90	ba0e6b3d906ead203d827c9c89be4951903893fff3910d43afdca5eafe80eda0
35191	2	90	9	28	2	Achto Tempest gloves	achto tempest@90	79f0c6157b11c936e2b8e7f2a087251773a3a6b0a32ac45ade07707cb20fbf4b
35193	2	90	10	28	2	Achto Tempest boots	achto tempest@90	47d31b70790e80fde874c3bb4707a82811cbffb95bd0913377151b9176335f47
31203	2	90	9	28	0	Ascension grips	ascension grips@90	8206aee172b61b761e8a6362d138bd4a0be916cfe0d04564ed67cd9b39340eff
56100	2	90	9	28	0	Dracolich vambraces	dracolich vambraces@90	a883274887010c869d42a99c6e15939bf562d493da636baa46447fadaee3ccec
56104	2	90	0	28	0	Dracolich coif	dracolich@90	0ec2932d41c79d97791d077ba4fd12876ca6227080518e7164508322729acc55
56090	2	90	4	28	0	Dracolich hauberk	dracolich@90	3ce3e38543fc2e4e6a99a5b211e9d8c9d392a4ccbd03932a6a71de7f52267217
56108	2	90	7	28	0	Dracolich chaps	dracolich@90	4379500405ab294a8992cc525cc4f992b08ed71efa1783bc681ac52c02ed1c64
56096	2	90	10	28	0	Dracolich boots	dracolich@90	3ac40a3c8285933dd03267b8ff93532627d844fff20921383e3239b4f26592f2
51088	2	90	10	28	2	Enhanced fleeting boots	enhanced fleeting@90	16408eba71431a870df8f4dbc4ef93fc10b2a03a7f229efeedd00f0b515d25c5
52032	2	90	9	28	0	Enhanced nightmare gauntlets	enhanced nightmare@90	079cc4ef70e0ff7c67e73a7ec8b27a46ddab2ba444e3f7a4b0fb544c3df29004
34981	2	90	10	28	0	Flarefrost boots	flarefrost@90	ac39ee27dd1127d2ef03614873f83f09bd63189c381d7c81ea48e0fb60bbea4f
29854	2	90	0	28	0	Sirenic mask	sirenic@90	0852786fd71ddcf8a92b7967df8861aeec4ad0808cd5b5ac98d6317d9f5d7549
29857	2	90	4	28	0	Sirenic hauberk	sirenic@90	2383cec280af4d2f20f3b36c1ef3cce79752516e37587ba296a1e1702711f94b
29860	2	90	7	28	0	Sirenic chaps	sirenic@90	ef3314afa8cadeb0f782c0a320a48e0cd80f38091b8adcfe9591b03bc9cb022f
35184	2	90	0	28	2	Tempest cowl	tempest@90	9f752c4ec264630edfd186970aa455fa5a139c53dbcab5a1e26ccc54276360d3
35187	2	90	4	28	2	Tempest body	tempest@90	224fe8f2219f86e82d75a459995062a639817caa00a29d03f4d711805c7660bf
35188	2	90	7	28	2	Tempest chaps	tempest@90	c5321046278747df8adbccf9da8a79d16b94e6e9912177eb250c8c034461a1d8
35185	2	90	9	28	2	Tempest gloves	tempest@90	dd0b39df68cc2c58af91f333b48e2c3127a2d1ab07ba72f92456c498d4636daa
35186	2	90	10	28	2	Tempest boots	tempest@90	30f4708482bca7617c96f3fb930400402639a2957918fa6e84273be1fc5c5406
17213	2	90	9	28	0	Tyrannoleather vambraces	tyrannoleather vambraces@90	fb98674275c31a0cb9d7a9fad8b725fc1aa02499582c1856d236b2375523b453
17059	2	90	0	28	0	Tyrannoleather coif	tyrannoleather@90	cd0b9ccef60d02d7ef63dbfdd8f8ef7ad19b065cc2e2ed1d4e34800a2d6ff96e
17191	2	90	4	28	0	Tyrannoleather body	tyrannoleather@90	d94de74dd757704fd28eb3d073d33bdc5539fa2bbee4a441d100af8f10a6b8a1
17337	2	90	7	28	0	Tyrannoleather chaps	tyrannoleather@90	4fb0945e29debdffa088dc94bd344b7fa273256f90db25d9f38d88770da5ea6f
17315	2	90	10	28	0	Tyrannoleather boots	tyrannoleather@90	38b8f7ad5d3d700079013d96e0cc431d9eca98beb18dd86a7e95d9ebb36b2d2f
28437	2	90	3	28	0	Ascension crossbow	ascension crossbow@90	7852beec13f0e011580d3fc0997ccb66149918773ef6997f22f029b7126e7d75
28441	2	90	5	28	0	Off-hand ascension crossbow	ascension crossbow@90	b717328e10eec78ea159808614af0f697fd26b673d78588b78eb080263a93a6b
22348	2	90	3	28	2	Dominion crossbow	dominion crossbow@90	eae6ed9337d74bdeffe182b3f8f7f04d1b43d775fa8b193d605e0a3b3d0908d5
58070	2	90	3	28	0	Eternal magic shortbow Mk. 5	eternal magic shortbow mk. 5@90	9e8e5323a5586af222483bfbb209c0b5e1b7e6fbcf132f45b8ffb4c1438f65ca
59943	2	90	3	28	0	Gloomfire bow	gloomfire bow@90	5007d7384a3de08ea1b845385fced31eabaf8b05f8954cda3355fff0a35c5172
16335	2	90	3	28	0	Grave creeper longbow	grave creeper longbow@90	c247036cc9b7bab4e019d5cfc4002db746a167601d4da48670baa4c7f12872ee
16885	2	90	3	28	0	Grave creeper shortbow	grave creeper shortbow@90	222f8f82457e990fa13661018df6020b6d583fd8843444f21f562308c66d878d
37912	2	90	3	28	0	Hellfire bow	hellfire bow@90	64832389cbe37fd855ef153eb2921ca77ff1521fadfdb8e1fe718910f5cbf63b
36181	2	90	5	28	0	Kalphite repriser	kalphite repriser@90	7dcb8bbb09984a024b3f7e86777d56f9f292e22da8dbe9f419a7c971a59511c9
31733	2	90	3	28	0	Noxious longbow	noxious longbow@90	f330613a6440ce015ba2b6abb5905c0bc732be0f5ba0dd832f85e071fd36eef3
17283	2	83	10	28	0	Grounding boots	grounding@83	403c8d0df7619907509bb9bb2311e05b2f57c2761d5e333c6033786a1f1d5484
41858	2	82	10	28	0	Elite ranger boots	elite ranger@82	70fcc1f23afa63fa41ecc76e9acabd08c03d228fab20ac9972b8db371e852997
41855	2	82	7	28	0	Elite Robin Hood tights	elite robin tights@82	574c895ae8efbae0c585b7793c609d81a6e57b63f697e4e433077b62bcfa1abc
41849	2	82	0	28	0	Elite Robin Hood hat	elite robin@82	575abe5ac0c0b05ddb34ccafd2a01bdd70c8ca36d008c448af38f91e831a6b1b
41852	2	82	4	28	0	Elite Robin Hood tunic	elite robin@82	4485014989f462124406699105f831db4fa9a7a0a56d3e0499d53e8821ac618a
37043	2	80	0	28	0	Anima core helm of Zamorak	anima core of zamorak@80	34a8220190e272b359b88fb6d7fe017e246524d3994b5ca3b9c52ce2f6d237fc
37046	2	80	4	28	0	Anima core body of Zamorak	anima core of zamorak@80	bcc6913df9be4177356608b20c4691080cb7d26814ec1491b8f5e45fed19cf91
37049	2	80	7	28	0	Anima core legs of Zamorak	anima core of zamorak@80	7b710acd087a4e45d31af94e354a61920fa91015ef5ce48f0273a811fd1d5b38
51082	2	80	10	28	0	Fleeting boots	fleeting@80	d5723120f71694c836426f4d755c24ef48d992dcb1b08f38f9fe69b1daa558c4
17211	2	80	9	28	0	Megaleather vambraces	megaleather vambraces@80	4691ab09c2cf8e0d070685f885e2ee16c42af3ca02678679a9d02a5a1b3c68bd
17057	2	80	0	28	0	Megaleather coif	megaleather@80	0252aec9cdf19fea6129b7c2835ab283511fa127169ff8fb6feecc13ae90241b
17189	2	80	4	28	0	Megaleather body	megaleather@80	1baff78e821fadb8a556d08a0e6613d98b489643739435486c6de17904113110
17335	2	80	7	28	0	Megaleather chaps	megaleather@80	b2a036c950ba35b939a4dd5154b42cd33d854986fc4d0f8a1c0f58d4b40a5de4
17313	2	80	10	28	0	Megaleather boots	megaleather@80	5fc8875f6e12be77b863acfdb9757f452befa0fb7e4e6a95d720ea69723530d3
20147	2	80	0	28	0	Pernix cowl	pernix@80	a8c31d52f43c2675969b65c8578061fcd539726c07597c6530a68890bb6b6371
20151	2	80	4	28	0	Pernix body	pernix@80	6b5055e16a8cfa8ae171c31064b2c4b4e3785edc57728645a6312d2365f1499d
20155	2	80	7	28	0	Pernix chaps	pernix@80	1635add06ab0af5f8901d1b2ee88794b72c856f4ff5253c589efeeba6e722cb0
24974	2	80	9	28	2	Pernix gloves	pernix@80	cc99a3354037b6190c6a724a927596a917a6a7f36ded9c6e9dfd9f65737319b5
24989	2	80	10	28	2	Pernix boots	pernix@80	65675ca23e717bbe60ef6487cbb9c4a2ffdf041cbca4602fb35220d302d114ef
41877	2	80	0	28	0	Second-Age range coif	second-age range@80	b3ed9880da884e08be1446df90ed4bd20fc5fcaef0eb8e9af9d036352c3db90d
41879	2	80	4	28	0	Second-Age range top	second-age range@80	d0f3b2422ed4653df2d5d1badf426879fad274b11e060c75ba942c014e745fa5
41881	2	80	7	28	0	Second-Age range legs	second-age range@80	a4cab3f1b6c4f74d8161024b53acb81891d2a8d0a0cdc3d95f0d534851da0512
36179	2	80	5	28	2	Ancient repriser	ancient repriser@80	ae49b336a83ee17d51eef954bed575586af12cb34bdf8eee5e65746384a2d95e
32653	2	80	3	28	0	Attuned crystal bow	attuned crystal bow@80	2f2d0f27fafe46617e9e6dd35c7b2205a7a6d4dcf844917932929bb67c18cb24
32655	2	80	3	28	0	Attuned crystal chakram	attuned crystal chakram@80	dde6687989bc4e19f6f37cbd00a882d8fb98a398f18770d3501efe5a0c532b42
32657	2	80	5	28	0	Off-hand attuned crystal chakram	attuned crystal chakram@80	e6187daab913b1c4384e1feeaf27a43357b9ff8680c82dd224e200d210497903
32629	2	80	5	28	0	Attuned crystal deflector	attuned crystal deflector@80	90c2448c74bf83c173eddbca590bd68133f089334b4960d7cf4bfb630bc331a4
14200	2	80	3	28	0	Bow (class 5)	bow (class 5)@80	87a1391150ebb50e41eb8d3b7919eeea015f327ad1522f5cbdb8ae824498ad3b
53767	2	80	3	28	0	Challenger javelin 4	challenger javelin 4@80	474c86b2e41b6ef0bda1a9108fc840f4745bd64912422ea8f26249b14bae8b58
18361	2	80	5	28	2	Eagle-eye kiteshield	eagle-eye kiteshield@80	511c1dfd40f2dfc1ec7e6603f37ac1f098ab184b31e64947ea96b8d8492cd8db
17281	2	57	10	28	0	Absorption boots	absorption@57	e117dbf27fb7b7a87250fa9cf5d768c2cbdf0368c534a2f851c1535e66fa5320
2489	2	55	9	28	0	Red dragonhide vambraces	red dragonhide vambraces@55	91482bb78ff31605b76b5d2207074569c68c49926c8a41549ef3cc9c50d0f118
12950	2	55	0	28	0	Red dragonhide coif	red dragonhide@55	cd6bef4356a7e1c4b07c54ca9899451e8ae0c7a48ada775a355e4fdbb93b04bf
2501	2	55	4	28	0	Red dragonhide body	red dragonhide@55	9792ef68ff8a235996828d3dff203a4aa48c2b78a5f04e4c9ecd31637257de21
2495	2	55	7	28	0	Red dragonhide chaps	red dragonhide@55	3e8f8a3b18c7b1cfd1a313e2e7d033976a2755d4f7b43782120e01c6e9ab0385
41214	2	55	10	28	0	Red dragonhide boots	red dragonhide@55	c4f96b375cd82e635ff66af1f5ad5c714df632757a3f12ba5a22b6cb12d62c43
10083	2	55	9	28	0	Red spiky vambraces	red spiky vambraces@55	8fc8c845a3ae64249c86ada6f8f368f7991a49cfd74b9323e190beabb68a7fdc
41630	2	99	13	10000	1	Diamond bakriminel bolts (e)	diamond bakriminel bolts (e)@99	168cecf5b010dbf79e3053214fbb703a43422e43512533d56b69766ab14fa25c
41631	2	99	13	10000	1	Dragonstone bakriminel bolts (e)	dragonstone bakriminel bolts (e)@99	d1cca9380259431db5e305f7085609cbb8f64d61a2bc4d80474fc59b0353095e
41627	2	99	13	10000	1	Emerald bakriminel bolts (e)	emerald bakriminel bolts (e)@99	1ed0335de038a9a191476f8a3eed66d3ae793b61da56ec13c67561b627717a8d
41633	2	99	13	10000	1	Hydrix bakriminel bolts (e)	hydrix bakriminel bolts (e)@99	495501d0d6781af87e3878ec22395e4a1fe0cf5fdd6f20dd2111111ad3f985ca
41625	2	99	13	10000	1	Jade bakriminel bolts (e)	jade bakriminel bolts (e)@99	b60125744c0dac653520c4406b57c23a9e6286973c440489e1d1a2259e45f964
41632	2	99	13	10000	1	Onyx bakriminel bolts (e)	onyx bakriminel bolts (e)@99	cf8ed696e719526d8e116efb4dfac98857a1de8c4137e3e76c30f90ce267d49c
41623	2	99	13	10000	1	Opal bakriminel bolts (e)	opal bakriminel bolts (e)@99	1d3a38e1d0067cf9e295b9922aef3015fa8becd2d791d15e982ffa63c056448f
41626	2	99	13	10000	1	Pearl bakriminel bolts (e)	pearl bakriminel bolts (e)@99	f1cd9a833c0d58f9d6ccff922434dfd4e26d7ffbb4671005be5ddae1b9f8af95
58036	2	99	13	10000	1	Primal arrow	primal arrow@99	39f4330568cbf1dbfbb02b6545767bec188542ce9b44706e8bd014ea0263da89
58041	2	99	13	10000	1	Primal bolts	primal bolts@99	7df3ecf1caae1fe66a62c9fd78215f85556fbc9956d4bf40b63cc579d925a1a2
41628	2	99	13	10000	1	Red topaz bakriminel bolts (e)	red topaz bakriminel bolts (e)@99	25b43c3d9863c9f303322948b3b4c0fd0780e6c861d316a27db0cab01ea47b4c
41629	2	99	13	10000	1	Ruby bakriminel bolts (e)	ruby bakriminel bolts (e)@99	530dadd48b2606051ba52ef0b4cbd43dcf58ecf5c7713d01e78f75268c7c5f18
16477	2	99	13	10000	1	Sagittarian arrows	sagittarian arrows@99	08b36c08ae5e61368722279cb7ed3008ed60e542bad28abf8fd0e2100d874c8d
41624	2	99	13	10000	1	Sapphire bakriminel bolts (e)	sapphire bakriminel bolts (e)@99	6dc6d27da963214a8eb6f1f54e4432869b6a2e801745560fd121c1ef49d321d3
53065	2	95	13	10000	1	Bik arrow	bik arrow@95	1011206138cb2891b7754923367d5e140b8e1cd38a49e5372ee9c92dc6f644e9
52299	2	95	13	10000	1	Deathspore arrows	deathspore arrows@95	9d2ec5bfdeac2b22d0e92a99215b42aa5230eab50dbe56710b7cb79dfbd02409
53038	2	95	13	10000	1	Dinarrow	dinarrow@95	da0cfe3cc03c356ac942353e551e6afcda6387dacef6b8c696db645e5e18ced2
53055	2	95	13	10000	1	Ful arrow	ful arrow@95	353dc56d92dbd8ade9e5f6e4d793e6a955ff08743f2715985f1e4e534ea18516
53050	2	95	13	10000	1	Jas demonbane arrow	jas demonbane arrow@95	6c49c938f414c97fae8bacb4cb3ff3f99d5baa82f3d567976b52585a2d3f9bd1
53043	2	95	13	10000	1	Jas dragonbane arrow	jas dragonbane arrow@95	e1ebb214ace9c095723dcc71d659086042ff23c41872d43755f38b762a93f0a1
28465	2	90	13	10000	1	Ascension bolts	ascension bolts@90	db46667434a77cff80f9262702a5584f29673823c4371d18e0e297596cb2ea0b
16755	3	99	0	28	0	Celestial hood	celestial@99	ccd378bb2156b6cfa68f74977e4f6a195350676477044a3adf77240e19cfc01a
17237	3	99	4	28	0	Celestial robe top	celestial@99	936d005c3a46dc563707e437493afb77339769c7b468b0e2e3a90fbe1b40eea9
16865	3	99	7	28	0	Celestial robe bottom	celestial@99	5315823cfdc8e6ea6d81b61cb86c8346a721c3bcbea96f0a5ab68e899b4d3eb0
17171	3	99	9	28	0	Celestial gloves	celestial@99	68b1347ea0656354710497f159a4d214f1e42d489aaf3bc7694e1e184554f940
16931	3	99	10	28	0	Celestial shoes	celestial@99	12ae7600055c2ed4f0568b00ddfd5e8e12cc9a457da97ccc67c2f8aa5af403ff
59104	3	99	0	28	0	Masterwork magic hat	masterwork@99	ef8548305f402a167d08462b892d2e8f97b02e5908256d53f49acf665be59880
59114	3	99	4	28	0	Masterwork magic robe top	masterwork@99	242b030f932d3b9630b3b033bad9ff9c840834d3597875cf7bb56b9f27eff5e1
59108	3	99	7	28	0	Masterwork magic robe bottom	masterwork@99	4b89bfa9fe364d1235397d2e4a19b1eb2532213dd92feac0695683a281318526
59100	3	99	9	28	0	Masterwork magic gloves	masterwork@99	ab46729cba80d94fb9ecf34c60504f14cbe6c9c4a7622b114ed30a28dc7ba9a6
59096	3	99	10	28	0	Masterwork magic boots	masterwork@99	4f4e8dc4caecb87c6184fc1a4a281bb444b9c1fca82159a3472f27a50746e2bb
59048	3	99	0	28	0	Starbloom hat + 5	starbloom + 5@99	0dabfc39d01577428bdd0315c75046f2f48802defa32f00170f8d6bb508e016d
59072	3	99	4	28	0	Starbloom robe top + 5	starbloom + 5@99	0e960d1678f28ed1358cb03f3c8e77ae4b99d396fffc4621bc956d8b2c847204
59060	3	99	7	28	0	Starbloom robe bottom + 5	starbloom + 5@99	176d60c552733e3fde781c76962c07e3a8ebb208851d865fbc5a3fb46033c820
59036	3	99	9	28	0	Starbloom gloves + 5	starbloom + 5@99	4b97131ea4381c49299648e9041ea78f33f95b92a495a15c50da98cbe154cd45
59024	3	99	10	28	0	Starbloom boots + 5	starbloom + 5@99	1933c9267beb37df52a82d149e3c13c2575d049251d0badf851e5ac6ab6acab5
17017	3	99	3	28	0	Celestial catalytic staff	celestial catalytic dual wield@99	902f3102f413061b824d12a97ff4b185bac2a12a08a0022974e40262d31d62f7
27711	3	99	3	28	0	Celestial catalytic wand	celestial catalytic dual wield@99	039ad841833440d9fc31e891d72301fcbb1d863cd31a15ba59d062663ee31620
27961	3	99	5	28	0	Celestial catalytic orb	celestial catalytic dual wield@99	741a5aa1af90fb6905ace7b9962f212f9c58a0afeee6401a57032301bf3796b8
27744	3	99	5	28	0	Celestial shield	celestial shield@99	89ade96f45270d488f14b0a48f6d73a09fe84b4cfbab13fa9bc9754db790c010
58486	3	99	3	28	0	Masterwork staff	masterwork staff@99	66c2f48ab8f1c0fd0614b074c77ccbff8d7779c8ce49e835d917612bc83df4e6
59344	3	95	0	28	0	Mask of Tumeken's resplendence	of tumeken's resplendence@95	d49c3cba3c8b7336a215d872ef569568051609da83523d94df7b065fe5eea85b
59336	3	95	4	28	0	Robe top of Tumeken's resplendence	of tumeken's resplendence@95	9d58109118700d13fd12b08df748996d229793bbfeb2cde3eb773e581149c7c1
59346	3	95	7	28	0	Robe bottom of Tumeken's resplendence	of tumeken's resplendence@95	7ebbeaed3a13c5697411d0b597bc3b1eec3f0420ae479d0c673f81a9e1cd7f82
59342	3	95	9	28	0	Gloves of Tumeken's resplendence	of tumeken's resplendence@95	ae00fcdd7e72c4391740b2bd6bbaa218a1d8698c88403e6c5454d41ee967a518
59340	3	95	10	28	0	Boots of Tumeken's resplendence	of tumeken's resplendence@95	f5e8e1a5ee76e5a93739683bd5192576936137655f3adfccbad476b7323073ce
51772	3	95	3	28	0	Fractured Staff of Armadyl	fractured staff of armadyl@95	b50f7876ad3db914709372a2d4a7946d36e43dd6f788b19e3e6f7140bff1bd9d
57158	3	95	5	28	0	Ode to Deceit	ode to deceit@95	9222d5b0939f1952f878f23820c3641e7e6b31b29bd9c33500e260514f76ce83
57162	3	95	3	28	0	Roar of Awakening	roar of awakening@95	44a417cc5d7ef532973c1530c38fa4c42f48802c094ecbd2e1948c936edb6f5b
17287	3	94	5	28	0	Guardian's ward	guardian's ward@94	a93fb836c16a24d35e27a2fe9262153bf07d9c4b3d93b9fe9da814b898ea0150
43166	3	92	0	28	0	Elite tectonic mask	elite tectonic@92	d5bb691693f8fc0d90ed6513fa13f087179d857893904c0011309ec8512a6fa4
43169	3	92	4	28	0	Elite tectonic robe top	elite tectonic@92	f725c6219f32b019a59a1a2789190b1fe01fabf47f512d1e32efa854d1b74ff4
43172	3	92	7	28	0	Elite tectonic robe bottom	elite tectonic@92	68ee35fbd5740416d03df4c0907a372fa1bcb33e3a0e1cc23276caf4775b4ffc
39574	3	92	3	28	0	Wand of the praesul	praesul dual wield@92	0e2c6c8c31150c0614fe22708e7498a39330d6c8393a1ab3d020f5eb8ca70070
39579	3	92	5	28	0	Imperium core	praesul dual wield@92	2af7a3a2f91e4851e8fa5fc7f6f7a247919706eb143b6b61d3e15db8327e2c72
37636	3	92	3	28	0	Staff of Sliske	staff of sliske@92	9245ae763b694e3112529f117de2328390a2823fa5b0643fed78be62d31d30de
35159	3	90	0	28	2	Achto Primeval mask	achto primeval@90	10d7072963737dc28b0ec040c21daa172762e19160217162301289fcd01819d1
35165	3	90	4	28	2	Achto Primeval robe top	achto primeval@90	ace01e3856ade5ee90e7acec01ac72c33129b1144dfb54173442866d538be2f3
35167	3	90	7	28	2	Achto Primeval robe legs	achto primeval@90	3760d35e258d802c5e11cde6905d2ad4f7cf57fd9a707192745a4d5179ee3ec5
35161	3	90	9	28	2	Achto Primeval gloves	achto primeval@90	af501563d86125fc20bb41e82e770a537bc39c66bd9b22f1f7bd2ecc9b917cfa
35163	3	90	10	28	2	Achto Primeval boots	achto primeval@90	c4e14a5e5b622e53f7be495f58eaa9b1ebbf557bb1354cefe830a281101a4014
31189	3	90	9	28	0	Celestial handwraps	celestial handwraps@90	ef3f6f539915e443ac024c076ebebf19db9c297d383fcc13e6287f1d098505c8
52260	3	90	0	28	0	Cryptbloom helm	cryptbloom@90	7e2d97b0a2eb60d28fe3690968c74c4b24734518aae9f1dc3caffa40b59cf45c
52272	3	90	4	28	0	Cryptbloom top	cryptbloom@90	b36bcb6e44e660ce35e072125784bba00dcf99570af8c79f68b1810d450920ca
52278	3	90	7	28	0	Cryptbloom bottoms	cryptbloom@90	09e6580a853112f798e560dc9410a0076ac98185f9b9c4c6559f8d08c6b45b7d
52264	3	90	9	28	0	Cryptbloom gloves	cryptbloom@90	a6fc58b9df891a19e42cc3033a890d749f284bac7a5809ddd398ed7ee7634e9e
52268	3	90	10	28	0	Cryptbloom boots	cryptbloom@90	7d46a86a3467f304b4b9b5d299277883f62f6d178041c6a7c08ade20dc08f221
51092	3	90	10	28	2	Enhanced blast diffusion boots	enhanced blast diffusion@90	7233f61dd270fbacac5a53ce5fd395f028a21c383844d308cf47267b7c67f653
52036	3	90	9	28	0	Enhanced Kerapac's wrist wraps	enhanced kerapac's wrist wraps@90	6febd0435aa895bc00e36768980d3a0d5a242c71d237a73d74afc0fd557b602b
34984	3	90	10	28	0	Hailfire boots	hailfire@90	3df0edce58dd7752448c19b50b0d2bbcfe47ac897cdad3ea670c268a5f71b86a
35154	3	90	0	28	2	Primeval mask	primeval@90	513250b312cc764304adf93db08183b7420e809fd0f1509aaee584bb6f4de58b
35157	3	90	4	28	2	Primeval robe top	primeval@90	4599dd6a5aa994bf62df1212aa220ee535d4ebab81c2d690b513f21f596494e9
35158	3	90	7	28	2	Primeval robe legs	primeval@90	9dffad46f1171e5432e1a61182ca34e5100e210b11176e057ce606e68903635e
35155	3	90	9	28	2	Primeval gloves	primeval@90	c6e3f45ebc1afd957c97ca8e94aa1dc519458dd5de52946de22e127865bdf668
35156	3	90	10	28	2	Primeval boots	primeval@90	b02b5f29a6967ac913581598c535bd4a97d67fda8c6f2187a86ffd638c889070
16753	3	90	0	28	0	Spiritbloom hood	spiritbloom@90	17b0a9297990b0811f30c22c70730491fe0c78782640d81257c90bb8a9ede4aa
17235	3	90	4	28	0	Spiritbloom robe top	spiritbloom@90	7fca6e8140b287548d629ef2888b96ce495bff8f9126f191e0bf6b1856790208
16863	3	90	7	28	0	Spiritbloom robe bottom	spiritbloom@90	8d2ce89cc856245f088a9d62d487043b7b044541eb5500a7645fb532d5eb13f4
17169	3	90	9	28	0	Spiritbloom gloves	spiritbloom@90	26e1a2dcbff39e1b946de65ee36d88d31f05c7b1af3dfd06990825bd279e96a0
16929	3	90	10	28	0	Spiritbloom shoes	spiritbloom@90	22d0b1f7ea832bcb34ea0d996ef7e81aee37abdaf5dc74afbe4b32e6cb80067c
28608	3	90	0	28	0	Tectonic mask	tectonic@90	b119e8f43dadb8715f4b5f58e74b0f445f9e1c7627f73ad858aa1fe1e012f1e1
28611	3	90	4	28	0	Tectonic robe top	tectonic@90	fd625f089c23c686a5b8bd1df950a0268f1be121708b9d19b5d66cb216946881
28614	3	90	7	28	0	Tectonic robe bottom	tectonic@90	eba8d853c9c43642e90f985eaa717ce9eb2ccd2a0e571837d0c0417291690367
22347	3	90	3	28	2	Dominion staff	dominion staff@90	61192090c0bf2930a0d60f3dfac572e8fccb6e2a1b2fe1b512cdbf4dc7519233
27959	3	90	5	28	0	Empowered catalytic orb	empowered catalytic orb@90	c6a6a46c893ec7e47133a5a493c50e4272ec0aa656fc546da138f024759edfa2
17015	3	90	3	28	0	Empowered catalytic staff	empowered catalytic staff@90	d79595c888301b119d26f95c57cbe3253f67518074855808ff086056b03c82eb
27709	3	90	3	28	0	Empowered catalytic wand	empowered catalytic wand@90	657baa9aa8d4d5df7996873148420e70d8e9d7034503834e674f09be3c9cd724
16995	3	90	3	28	0	Grave creeper staff	grave creeper staff@90	ec65d4b5ae5feb998be928b07fe5b7b99b17b4883b0baefc65a002700151ac5a
27705	3	90	3	28	0	Grave creeper wand	grave creeper wand@90	7aec88443617dd6a3ced4da1c0a6164de863c090d00a3e6219b1e8761efd6037
24201	3	90	3	28	0	Greater runic staff	greater runic staff@90	6f985764fc76ca390e07b03002cb62cff3d6004819f3151e01f2fd5f7a75032e
36173	3	90	5	28	0	Kalphite rebounder	kalphite rebounder@90	d48de24b834c3ac9c631acc3516d7858e4a9cfce16046a82855c6161afc7cd62
59917	3	90	3	28	0	Legatus's Emberstaff	legatus's emberstaff@90	91834926a83989342a10558c4cd1335e214deca1b945344264f2237bad8cbfba
30022	3	90	5	28	0	Merciless kiteshield	merciless kiteshield@90	0ceec47e3c81d9acba66be9d3cdec900c2ae8506d9f705c89e03f9a808353a93
31729	3	90	3	28	0	Noxious staff	noxious staff@90	dd6c65ed34e690c631b1ccaa627e993a09021607619fa274848c3df64bf86921
61458	3	90	3	28	2	Ruinous staff	ruinous staff@90	09a10c63f43f850b93859cbed89ad41680823576445c5bda841fec9102044e61
28617	3	90	3	28	0	Seismic wand	seismic dual wield@90	3004d70886087910fbef6e31fe7a7e50841b2e674e3e666918d526569356b57c
28621	3	90	5	28	0	Seismic singularity	seismic dual wield@90	c94f25b657424649e03b2e44a2398cab4f423b90cf2939c96c0aa859fdaf307a
27955	3	90	5	28	0	Spiritbloom orb	spiritbloom orb@90	3411821111404adf65fbcab2207b17618f7e3c5657af255adff2d934316c5a14
27742	3	90	5	28	0	Spiritbloom shield	spiritbloom shield@90	a9cf443626945dce13e2cf2c5c32840a9a152b9fe01ac1080b16c72231ababec
17293	3	83	3	28	0	Doomcore staff	doomcore staff@83	c7d892c82707ac069238ac294eed6efc822f3dd216dbe21ae546235c75beff99
41824	3	82	3	28	0	Staff of limitless air	staff of limitless air@82	ba5b793643fdc92be8e885532bc158ead2ade13bde26cf2993b94f184d6c5b80
41825	3	82	3	28	0	Staff of limitless earth	staff of limitless earth@82	fac9e29e82e802ffa6ef8411182b143e7f8f35126d15ad66a677c7335a07376d
41822	3	82	3	28	0	Staff of limitless fire	staff of limitless fire@82	34330e5e6a1e1de744351c8fdfdd52228c48d602d64432a9c477a270d7a0497f
41826	3	82	3	28	0	Staff of limitless lava	staff of limitless lava@82	34d9ecd536ce722617e2875b89c5e6848a1ffcad95c8b390cf4f5629d4aed743
41827	3	82	3	28	0	Staff of limitless mud	staff of limitless mud@82	51d0115d3365fcbf9972baa406886e27530f6256479372ab29c68e11b6f57ef0
41828	3	82	3	28	0	Staff of limitless steam	staff of limitless steam@82	3c778711c9fd118c096cb7910bc1d263815c0dd559ec8de0a5e5d1afb11b9cdd
41823	3	82	3	28	0	Staff of limitless water	staff of limitless water@82	61adb4884bbd23947ed0f854d1a94134ac8a61e7c49713859a21636da91e5bca
37052	3	80	0	28	0	Anima core helm of Seren	anima core of seren@80	509b380ebc11a53a19bc6387d3112c1aa612d2aff81515d38175a7a2f38bf653
37055	3	80	4	28	0	Anima core body of Seren	anima core of seren@80	53f117d70c0d1404b10e30dee15467b0e282e0b372546074b4c20d0b7956e842
37058	3	80	7	28	0	Anima core legs of Seren	anima core of seren@80	ff883103e1e89bf1b8302cf210d10afbf3eddd8631918eb3412a8f603b0e4b01
48085	3	80	10	28	0	Blast diffusion boots	blast diffusion@80	62bcabcdf1d18c1486db56a31f6be0d23aee763bca1d12b07f281630c8f63c85
41869	3	80	0	28	0	Second-Age mage mask	second-age mage@80	349a6e412ca0f984969af4bd76e918ad434f8dbadd1a2cd41231054addfa5b75
41871	3	80	4	28	0	Second-Age robe top	second-age@80	4e015f4a2b8ca3238141a575fcaa9c267c34f050b927dcd278688decdc1b58e0
41873	3	80	7	28	0	Second-Age robe bottom	second-age@80	6d6b63b6f8cc3129c26e56549aac4651a921e1dfa17d4e874fdacc2f8167155b
48408	3	80	0	28	0	Shadow gem Virtus mask	virtus@80	4381f5efa4c1d4ff9f6302379a870084735381e5f4f072fffbbdc500afcd5554
20159	3	80	0	28	0	Virtus mask	virtus@80	31cda46be0d832e1ffee1ca745f9b5a0a1ba9b3b3092c48c1a062cf3117e722e
48411	3	80	4	28	0	Shadow gem Virtus robe top	virtus@80	12ad248a4e69a0c89692ee568e2a49de9487daf82f2fd7607c1f046fd87716d7
20163	3	80	4	28	0	Virtus robe top	virtus@80	e85bd12f8503b682fa7036a96d293a538ed534b0475e87b5a8327ab783df0824
48414	3	80	7	28	0	Shadow gem Virtus robe legs	virtus@80	a6b9af361e1fa124a053ca4c4445a9195a69689e8488f63455637ff91f366468
20167	3	80	7	28	0	Virtus robe legs	virtus@80	64277c8cec4c7bef9d24813bf79e95ef1c810f6cc099cc1d41289aa4b59e2cb3
48417	3	80	9	28	0	Shadow gem Virtus gloves	virtus@80	f6f60d27dccf1037c651cf6d594a2663344a01a5f7a1e78a955ee00ffb65fd96
24980	3	80	9	28	2	Virtus gloves	virtus@80	3fc3aeb08a0984abbc24896e93bdafe145271051955ac3289de7f79a63da6774
48420	3	80	10	28	0	Shadow gem Virtus boots	virtus@80	8ddf38d91f4ee56695a24031778114ac47d378d1e745df8aa13138f50cb48a3c
24986	3	80	10	28	2	Virtus boots	virtus@80	0f4159a43ba726ebe8b2091295ece1a0bbbf915a863978c29acdf5623655ab63
25664	3	80	5	28	0	Virtus book	virtus book@80	953a6135ba91435b5ebaf6803eb7364da83d51dfc6c30082c9317fd5b0962492
25654	3	80	3	28	0	Virtus wand	virtus wand@80	9f6f02154810ef9e029a85623dec7c90a49b8d867de5a766d18fcb24e5919fde
556	3	0	-1	10000	1	Air rune	air rune@0	117de921b349db28c25e1b5712931ecc8a88faf15f1fb91a7d440679f91cba76
21773	3	0	-1	10000	1	Armadyl rune	armadyl rune@0	f87dc202442f503f43c0ed5beb67279de50459b162c1cbe64eadef9f3e0de59c
9075	3	0	-1	10000	1	Astral rune	astral rune@0	56091fe71888c6e619600c19a0578e16054f5493040061140483a21aa9d01fe0
565	3	0	-1	10000	1	Blood rune	blood rune@0	ad4df134e3d9e42a861ee5cd4d7ee1d5e8cfba27cb669fb319121166f2c3e801
559	3	0	-1	10000	1	Body rune	body rune@0	0c316bf37e8fa90049c7aeb7a531dab0277cb907bf3a4b2ca5e9a833410da2c6
562	3	0	-1	10000	1	Chaos rune	chaos rune@0	3bb616d2acbf14311a359d110134b6d820a82df1aa6180ebb150c98220627fc3
564	3	0	-1	10000	1	Cosmic rune	cosmic rune@0	a800538b74b0346e6c81071f712700e435012db1c7e2c7d89baec1a030a15194
560	3	0	-1	10000	1	Death rune	death rune@0	9e6ea374527f9eb54494e77830dbaf1fa47d32312f50213ad174e1f0a7182f36
4696	3	0	-1	10000	1	Dust rune	dust rune@0	f14f16326d842b772a26833f35ba0838207d76b41c8ea509c61cf9e7ace0ddc5
557	3	0	-1	10000	1	Earth rune	earth rune@0	bb6d975005cabefc616ec6fcfa8931a9db022790e393c476bcc634edb9a8387c
554	3	0	-1	10000	1	Fire rune	fire rune@0	9dc1d4469311a9ef197f09389547e55ab9ad7603913ce182a85a369914bcf67c
4699	3	0	-1	10000	1	Lava rune	lava rune@0	75955a707f16162733599d65a04c2f03284617b49b25c11d7c0f4262a4c15201
563	3	0	-1	10000	1	Law rune	law rune@0	05a32b219929d24b048070b84c6019fe6b5fa548621b4a3c7838ba5da996dfc2
558	3	0	-1	10000	1	Mind rune	mind rune@0	3c3bcc4aafb9268085ddc2f199c128450d78ed42fe1e17318729ba84d9b33d68
4695	3	0	-1	10000	1	Mist rune	mist rune@0	dfea48fcac37e4cac4b84040054473f15037c38abfab8afa392a87acc9bcc684
4698	3	0	-1	10000	1	Mud rune	mud rune@0	fbdc4a34f2d6781bb97f83eed84b848a4e6e572ee0c0e56c71282af5dbf01639
561	3	0	-1	10000	1	Nature rune	nature rune@0	e4021d39b25de68235c3e6705bac156c951334a3a554a56db0053a8fc472fde2
4697	3	0	-1	10000	1	Smoke rune	smoke rune@0	cc932e9d57a45470d3da94729a9af7f8efbd9a17006fc4ad39704f009c237929
566	3	0	-1	10000	1	Soul rune	soul rune@0	5d043110121f8819e4b14b59eaed387a0e5c863f16991859a3504c51b44b12a1
4694	3	0	-1	10000	1	Steam rune	steam rune@0	725ea8c333f7f388c5c06907baa183faaeb275a6d7c76ad85e41d0c768d32f0c
61333	4	99	3	28	0	Entropic guard	entropic dual wield@99	066466f9f5209203e26ca9d03262980099c779ba78d608dff43a92a55d734a90
61355	4	99	5	28	0	Entropic lantern	entropic dual wield@99	f42f17dd7802fac647108efb2cbda299ca50ef985f42d573d6155911f93ea041
55488	4	95	0	28	0	Crown of the First Necromancer	first necromancer@95	e18ce40081334f3b58c026f10c635babb9ed48f7ab7181bcbf3bece0ead2dfe6
55490	4	95	4	28	0	Robe top of the First Necromancer	first necromancer@95	a26c4c266c40c958c1b3eb8bc8ac72cace5d17b5f9d7fef5c39e4bdf3a06af80
55492	4	95	7	28	0	Robe bottom of the First Necromancer	first necromancer@95	84df3a4d755a80693efe918eaf8993bb8cdce59180c39e6fa80cc0f334ce377f
55494	4	95	9	28	0	Hand wrap of the First Necromancer	first necromancer@95	43e1b29f7f6fb451e3ac4e4f5bfa3f3104d9bf8a6a28ace277ef6784b6f3bb45
55496	4	95	10	28	0	Foot wraps of the First Necromancer	first necromancer@95	a1ca717d0f8effedd5ef140fd7faa44734f33d4ca9bb84a570d4050ce08f191b
59934	4	95	0	28	0	Visage of the First Necromancer	first necromancer~visage@95	df481f61857fd7493591d6f043efaf9f821565458aef51d3b626050dbec25b04
59354	4	95	3	28	0	Devourer's Guard	devourer's guard@95	6ffd5740f2c35837742875eafb40aa669f5a2ae934de89d2e9f847432386cc80
55480	4	95	3	28	0	Omni guard	omni guard@95	064a41fae2d3f4449601132a94deaf5246a91a13360720d65beb3825b91c6267
55482	4	95	5	28	0	Soulbound lantern	soulbound lantern@95	38832ca55e6bcfb8268af02fc0706e83c08986e48224cea8e9651815aae2bb05
55466	4	90	0	28	0	Deathdealer hood	deathdealer@90	d96ca324b1408a531389c2184ee220525ae8a570736fc79fbb4052caab285897
55468	4	90	4	28	0	Deathdealer robe top	deathdealer@90	c9dc724b6eec2a35cfb7a88c7a811606c92a7b931c68b3a8e220529961c8f5b8
55470	4	90	7	28	0	Deathdealer robe bottom	deathdealer@90	7d4257eb5a5f0059138485a49846fb7ac46f5bfd6209657df7e203b71a8a956e
55472	4	90	9	28	0	Deathdealer gloves	deathdealer@90	3824348d5f075ef5082640286fb3aefeb3fa567305da2af4318a08aa57f743ee
55474	4	90	10	28	0	Deathdealer boots	deathdealer@90	6d418aad11d654cfb2e84c089d1a052178d980d9996755e2de7d6dd3e6a3103e
55424	4	90	0	28	0	Deathwarden hood	deathwarden@90	4694305be2bdf1b497796d01433d0829b34fc2e2ab3dfa86ae6d0c8ea15e8ddd
55426	4	90	4	28	0	Deathwarden robe top	deathwarden@90	3694c71b21e477761f8649de12f94b60baf049e049ca72db5fb094d3fb1ad53c
55428	4	90	7	28	0	Deathwarden robe bottom	deathwarden@90	f9ea5bf41a9751e54343d4c0cad245257ef21e94f4f8ef6732eabac51a557af3
55430	4	90	9	28	0	Deathwarden gloves	deathwarden@90	5c4aa075c50d514359a1bfd63d948e44a7db01916963608e5797dc5def8e4c1b
55432	4	90	10	28	0	Deathwarden boots	deathwarden@90	e56a00a80491d3a128506c227f711f386951bab09b95a56904ed00c5933e9555
55540	4	90	3	28	0	Death guard	death guard@90	25f24f539226922afa04a3430ee90d56ce9a89b223970383565d4bbdb17ffa53
61331	4	90	3	28	0	Promethium guard	promethium guard@90	fca0b0311aec0e4e34fbcdfe028d1da9ac078d2a32e8728ae56a3ac092ebbbd9
61353	4	90	5	28	0	Promethium lantern	promethium lantern@90	ecbb8a1dc1eb2d9ed46d0256f8359785fea17a52b04a96443e0c0ee9f00e9fc4
61464	4	90	3	28	2	Ruinous guard	ruinous guard@90	eb7600ebb0a821375a20d4df934c441d693b0fe9276f5cab7be308e1aee3a300
61466	4	90	5	28	2	Ruinous lantern	ruinous lantern@90	68cb3f2ea4dd14c67e76a1a1a5b3a164df0d6582621a16eefb712e5e343af65a
55542	4	90	5	28	0	Skull lantern	skull lantern@90	f0453c55acd57ada6cb4e27d52ac63c3bfd25d31a69f74ea437a7af866ecb295
61448	4	80	3	28	2	Chaotic guard	chaotic guard@80	cd5f94fae5bb54ad1546bb2d2c2ea1fa90960d156a629a42ddcaaa90b9aa4b23
61450	4	80	5	28	2	Chaotic lantern	chaotic lantern@80	c8bee1738dde9f5fa0f33f5fd7f60f5c07acbc261834ac2ce8fe187c3450830b
61329	4	80	3	28	0	Gorgonite guard	gorgonite guard@80	c412544352fcdb50159aed5ee5f86deaa45a613d3fbc675d242ef90821721ca5
61351	4	80	5	28	0	Gorgonite lantern	gorgonite lantern@80	dc8636710cf3cd335d4712d81a89f3f2b0bcbc82041e3e094cbb181d4fc417ec
61327	4	70	3	28	0	Katagon guard	katagon guard@70	500082d0ebf6dc0d4eeea0e067a1a7c0b8073a3843a94a56e56a274dc40a4ffe
61349	4	70	5	28	0	Katagon lantern	katagon lantern@70	b89f17f6b6a69643a8c9098b1976ebe4a7e891212b94be654e41e79ee7ee7754
61325	4	60	3	28	0	Argonite guard	argonite guard@60	2ba93d36eed4c745331633dd50614c98fbb2f2106a4d4d6cf294a95650f94dc5
61347	4	60	5	28	0	Argonite lantern	argonite lantern@60	03351f51651b8c15a8752cd46874f83efbbea74d3e3f90f641d8a05ad17e9bad
61444	4	55	3	28	2	Gravite guard	gravite guard@55	340e519ce4eeaabe9d3823f21e926d1005545c103c6daf075ec481cd09626ca7
61446	4	55	5	28	2	Gravite lantern	gravite lantern@55	961d800abadadec470b8ec2e24bbcd58bf3b9413ff61c4d77815f379ce28af8e
61323	4	50	3	28	0	Zephyrium guard	zephyrium guard@50	550e0940f56614e2cc86576872303e265113a14b722a0cb3fd4a2fbcaae5bd3d
61345	4	50	5	28	0	Zephyrium lantern	zephyrium lantern@50	7bc64dcd22ea0afb298e031fe60ea0d0c78395bf60cc6fc26b8420d4bb8b8d80
61321	4	40	3	28	0	Fractite guard	fractite guard@40	b3e7780b2df41c14b69ce54c5abde91e63d06c4662552f9699f01d87ae86156c
61343	4	40	5	28	0	Fractite lantern	fractite lantern@40	c8165a4990f3f89f806d493209d4adb26e3b4e1d7c248f0cda451b6475a2bbef
61319	4	30	3	28	0	Kratonite guard	kratonite guard@30	ed452bf38dfdf7186f8016363bb626fa65988c77b6eebe01faab20d2a0127713
61341	4	30	5	28	0	Kratonite lantern	kratonite lantern@30	cda3a02aa72949855482a3fc5ffaca17758d7193985ec0a66e5aeb3f258df5e6
61317	4	20	3	28	0	Marmaros guard	marmaros guard@20	b813582c8f1e95db5d5d5a40cc33c002316bb111e8a7ec276e185b5c5f56ef60
61339	4	20	5	28	0	Marmaros lantern	marmaros lantern@20	e5362b752ffa5876e4da3461c06a2f6bceb97515eb6f478a2f7990e025e7220b
61315	4	10	3	28	0	Bathus guard	bathus guard@10	1035952c729d97f68b59121a8594c9d02bdc4d0c9d61b2792debb858509d1dfb
61337	4	10	5	28	0	Bathus lantern	bathus lantern@10	cc557225fec0376f6833fc9ad66b1c9a04499d0601ce963ef751c2ed9864876c
61313	4	1	3	28	0	Novite guard	novite guard@1	f83740bae6f8895a7a219d1f693334b4d957804b0d4e2349e021cec67e8dfbf1
61335	4	1	5	28	0	Novite lantern	novite lantern@1	267381fe70b6ce06550a9009386beb8e85b27360ab71cf70464874b0767c7775
55338	4	0	-1	10000	1	Bone rune	bone rune@0	fb88b015528637f9b1736222c07f39bdfb395814fdfe010f72ffc2e6741e2f53
53933	4	0	-1	1000	0	Ectoplasm	ectoplasm@0	1ef15db38382ea9afc26eab8b947ab58837e545897cd8396f800802474e6a056
55339	4	0	-1	10000	1	Flesh rune	flesh rune@0	8c4fe59882f4722657cbdb8b1041ede7504577d33cf1c990f06347e7563d70c6
55340	4	0	-1	10000	1	Miasma rune	miasma rune@0	00e204c6a6e4ae30652ef5ea10d481aa18a2cc2118ddaa61ac07e4c353817eb1
55337	4	0	-1	10000	1	Spirit rune	spirit rune@0	839c1af16ef71233b304844ed9d38df020dc6fc5ecf68a565bf7c92ed31cc69f
61267	5	99	0	28	0	Entropic hood	entropic@99	711b3047884800a8666c51cc9acff30a4a4c93c2d838ca0f766f0bbc2c3e5948
61311	5	99	4	28	0	Entropic robe top	entropic@99	1b31d19c185aaa8ec118339f51467e0b39bc7e42c409b6109f6d5d9ee1105542
61289	5	99	7	28	0	Entropic robe bottom	entropic@99	867ccdec88bf45c86321ebcf9a4867bc0ea9c91e93eaaf6fb68ca1124cfce26e
61245	5	99	9	28	0	Entropic gloves	entropic@99	ddfa76228f70fc058c51c18785eaf08661eeabad7e4f8a263d856075b3e56592
61223	5	99	10	28	0	Entropic shoes	entropic@99	6e9d9093ba09676bdfb737ec45f8bb4a4e0dfb6657eae1c0838ee62083eeff9f
59932	5	95	0	28	0	Misalionar's death mask	misalionar's death@95	0133b7a088958aeb55bc29eb9f67b55ecc4a2d296719dbd1e5638bdc260e5b72
61265	5	90	0	28	0	Deathbloom hood	deathbloom@90	e2ece9de44c8b9c262c40360fde6e90dfc0df1574d132d15dcc3b429a679c207
61309	5	90	4	28	0	Deathbloom robe top	deathbloom@90	da8cf95b55e7da290b718eab16fc712d76d8146ac8020e2b1fe87ea013b52b48
61287	5	90	7	28	0	Deathbloom robe bottom	deathbloom@90	8884503374d379b3a73a62d25cb1c1523dfc2889550928fa2ef7d90c0e00637b
61243	5	90	9	28	0	Deathbloom gloves	deathbloom@90	2bc99c5d80d4de994ba7bc19a7d2a7ca5dc4876d3dc12fa1789a96823bea5313
61221	5	90	10	28	0	Deathbloom shoes	deathbloom@90	6b6a7155ab1ff755382fffd35a694d97d915926f5386c03c9ab34e5ed8021c9c
41106	5	85	9	28	0	Cinderbane gloves	cinderbane@85	7ed6de57e0072768fec77da1593c5c0893b62f476ca362a9b461598d0276c33d
37063	5	85	0	28	2	Refined anima core helm of Sliske	refined anima core of sliske@85	d1a31f4e09c1132e292a6849ff5b1f401c958939175d6056fd2b2a9bc94336f9
37066	5	85	4	28	2	Refined anima core body of Sliske	refined anima core of sliske@85	314acc5cb22b887e18bb3a8eb230064bde6d257a13381025afe26121f652f634
37069	5	85	7	28	2	Refined anima core legs of Sliske	refined anima core of sliske@85	66ee2db619c0d693c94fd84811ac06d4e949ccbcd2f37c8d2a05f6df4cc25032
32525	5	85	12	28	0	Asylum surgeon's ring	asylum surgeon's ring@85	8071240147a9df2dc39300ee694322794738a02a94cc83db3b0c6669d8310d50
30578	5	85	12	28	2	Leviathan ring (worn)	leviathan ring (worn)@85	be7bbb509d2d400491cc288437aca6a7abd49ef0d07e41b77690696dae9a2ecb
30576	5	85	12	28	0	Leviathan ring	leviathan ring@85	8d24478e39bc54c08608588a6f61273e6d4ebcf2c14b62c6afc0f51be459169f
37061	5	80	0	28	0	Anima core helm of Sliske	anima core of sliske@80	6e1cd279b21b42577e506ba2fb3fd02d9f20b601350c723e0c5c65f5791acbe2
37064	5	80	4	28	0	Anima core body of Sliske	anima core of sliske@80	fe7d1860c9a4f575fb6e3131e5bd81e5f27b1bd27b1067e0da534bb8495258e4
37067	5	80	7	28	0	Anima core legs of Sliske	anima core of sliske@80	856f0b778db9bc01e81a9b7204729f9037ad77a08114f69afe4f8f0ecad7cd2f
30302	5	75	0	28	0	Warpriest of Armadyl helm	warpriest of armadyl@75	c6696e39468dcd937856ad990257f4edc09e8aa43f76faedbf6191b003956644
30296	5	75	4	28	0	Warpriest of Armadyl cuirass	warpriest of armadyl@75	91a7ee846f365ff91fce8e530b2684e83927bfc3b15e9b2b3a6db58d0e17dbd4
30299	5	75	7	28	0	Warpriest of Armadyl greaves	warpriest of armadyl@75	fad6d9f2be462cf0b8039ee68a6fef75d94b19d1072c3889c9e0b716ac76cc78
30290	5	75	9	28	0	Warpriest of Armadyl gauntlets	warpriest of armadyl@75	2aa953035830eef7f9b80683fa667b9487b9f629b8ad2f538c3ec417a955978a
30293	5	75	10	28	0	Warpriest of Armadyl boots	warpriest of armadyl@75	ec81568316e3226c715dc8f8fd668b037d9abc19f2680fbcafa2629a570facd6
30320	5	75	0	28	0	Warpriest of Bandos helm	warpriest of bandos@75	ac1f7584952cb18a61610ec36b052f121501021a5a02fe33218f698a0d860d44
30314	5	75	4	28	0	Warpriest of Bandos cuirass	warpriest of bandos@75	f0011d261046332a676b79911b4d7b6164c13af0e8625ba7a062f4d4b46043a2
30317	5	75	7	28	0	Warpriest of Bandos greaves	warpriest of bandos@75	181cb206a77ce66e25e0f370191f3cfbaf8e2236ce3f836f07519306279a8e43
30308	5	75	9	28	0	Warpriest of Bandos gauntlets	warpriest of bandos@75	7288237cfc52a3952ec0904381d19fb9224455f93d2fb8748416256433d70152
30311	5	75	10	28	0	Warpriest of Bandos boots	warpriest of bandos@75	57705898644d7099a1970f1fbde36e9447324020c28c932dfc3567a224257b5f
28769	5	75	0	28	0	Warpriest of Saradomin helm	warpriest of saradomin@75	49e6553a51f9e2db5f806a4ddfa1432500577fd95709bce1d68f351d17f93380
28763	5	75	4	28	0	Warpriest of Saradomin cuirass	warpriest of saradomin@75	87cb97d83e209e6a649fc8fe272a8d595137d83ee104f2c1b62a283648851925
28766	5	75	7	28	0	Warpriest of Saradomin greaves	warpriest of saradomin@75	921685b1dca53413143d8c97ada85922028a4fa98f90c47c38a8ddb5d047103e
28757	5	75	9	28	0	Warpriest of Saradomin gauntlets	warpriest of saradomin@75	005c92270d8159fb5586285d5f6bccaf47388a31107a92910d196cda2ce29fa2
28760	5	75	10	28	0	Warpriest of Saradomin boots	warpriest of saradomin@75	c0b3692b19a75043e6a0de2dc374837cfee4ef35868d67a60c874aae2c17a05b
34874	5	75	0	28	0	Warpriest of Tuska helm	warpriest of tuska@75	926c4d5490e05fba7fcc03282ffdc63065aa85de5a1c183c78b60a5a57399bdc
34868	5	75	4	28	0	Warpriest of Tuska cuirass	warpriest of tuska@75	35bca21fa8cd1d90f19910d87a2b2a6b5df725342d91e5a6faba54ec2e64b1c1
34871	5	75	7	28	0	Warpriest of Tuska robe legs	warpriest of tuska@75	d8dd4b9371006e6e34e801aadb6dd024c3349216b9f591c01fd37564d4d43191
34862	5	75	9	28	0	Warpriest of Tuska gauntlets	warpriest of tuska@75	5dd8c3b95a88bf3abb4ce52f6e9fdbc7f5ff639a48a4d7bcb5610a274b284496
34865	5	75	10	28	0	Warpriest of Tuska boots	warpriest of tuska@75	3b94179f8d35dc5e14d50c25038f1fbf0d7fdda3876dab6fa40d05bb415d597e
28787	5	75	0	28	0	Warpriest of Zamorak helm	warpriest of zamorak@75	fec0a1c84404afc1533d850cd38e92bc87e1b27645fe1796822a078ab5c085f6
28781	5	75	4	28	0	Warpriest of Zamorak cuirass	warpriest of zamorak@75	518d91dd09b084503a963224dfa6016b1c5847cffc3f48e268fe9b460c6e1fdc
28784	5	75	7	28	0	Warpriest of Zamorak greaves	warpriest of zamorak@75	c23a3a76531f2d6cee5654d2bbb16a3f5ea983796470af0c7374860fcf06267f
28775	5	75	9	28	0	Warpriest of Zamorak gauntlets	warpriest of zamorak@75	9423f36059023c7d397a26d1fb31512a0772dad9020a4b14b7999512b8b1efc6
28778	5	75	10	28	0	Warpriest of Zamorak boots	warpriest of zamorak@75	d0e8b2ea9c9180138dbd4a113b0b5329ec282c3388722c752f23f0affebfba26
13738	5	75	5	28	0	Arcane spirit shield	arcane spirit shield@75	08e9101d8cb1c7558197d242886b4fe191e423749e0614e61f211675ab38eb63
13740	5	75	5	28	0	Divine spirit shield	divine spirit shield@75	cd2b32e4fee8149036304d47079dc4694d279bfb8f567d75ceb779dbeeb5662b
13742	5	75	5	28	0	Elysian spirit shield	elysian spirit shield@75	47f5d82e07a25712ca0e9d0bb4f15343d610353f68d35a1bcb3e8c48a28d7f83
13744	5	75	5	28	0	Spectral spirit shield	spectral spirit shield@75	fb227f37c61ba3e9106d7a06e0fa3aefaef587c5ba91dc4037ebaf6abfedf292
13736	5	70	5	28	0	Blessed spirit shield	blessed spirit shield@70	fc007f05d177c9fed7a9663a540ef574301d5782dc790c8a15fd88709cdd7c3f
28357	5	60	0	28	0	Relic helm of Sliske	relic of sliske@60	c48d34e06c553974d230694e0058fc32155b2a39bb7dbc2e8b07626c48bf8347
13734	5	55	5	28	0	Spirit shield	spirit shield@55	4e5fa1cc1eecc1c786241ea895503f2d9b35e1c7fdc870353fdcaaa331031015
31875	5	0	2	28	0	Amulet of souls	amulet of souls@0	f75a98efe88eae0fd5193f0619f7ab5f05777aec0a334b71eeda86c10818003f
59640	5	0	2	28	2	Elder Essence of Finality amulet	elder essence of finality amulet@0	7eb2b4de5ba6383b44b7a3ec8772eff3b8efb2bf518cbea71d075c7315b52ad1
50465	5	0	2	28	0	Essence of Finality amulet	essence of finality amulet@0	01167d52775de43a545267c64b46d3978fa13f6a54e4e620d1fd526eb2270ef2
55189	5	0	1	28	0	Igneous Kal-Mor	igneous kal-mor@0	5fafb1ee92176c6f1ef2f106536a5c0e686e72ee5e11f941e772a6b14f3ca3ad
52504	5	0	1	28	0	Igneous Kal-Zuk	igneous kal-zuk@0	c65952ba18a5f36fe9e1811b144d9b766838fd00cc020badb1e3659a49ad055e
51470	5	0	12	28	0	Reaver's ring	reaver's ring@0	7330a2b48bb2e069d81aba668db0b67e0f7593626fe8fdd59bdb75f454e825b3
31869	5	0	12	28	0	Ring of death	ring of death@0	9b419cffffeb599acebb73d42983a984ed4d4cfc7c6907c9372e17abc1db53ac
42267	6	0	-1	1000	0	Blue blubber jellyfish	blue blubber jellyfish@0	660a5a9fc3065c3d727d5c0f8b1f10ecf6a85199db575634cf8fdcfe7fc84cfe
15272	6	0	-1	1000	0	Rocktail	rocktail@0	4c626300b9da235ef717a72c60f6caeb11732de84a676e391e97fcf32e1620ca
42251	6	0	-1	1000	0	Sailfish	sailfish@0	76ad47c1689097a21447f296987c0f1d41df5446935b95f3e24b01b383d4bd21
385	6	0	-1	1000	0	Shark	shark@0	1c780d2d3d5270321ee6c494fd8f78207f1d8d9900f9029b7e18608663ff3c12
48239	6	0	-1	1000	0	Aggroverload (6)	aggroverload (6)@0	dfa73bcf2ee03f5b24f9eaa844258a986df1d83f901f912b49da69896cefb1e4
49039	6	0	-1	1000	0	Elder overload potion (6)	elder overload potion (6)@0	4942238a3c59fb75eb630e7681d2408d51d340919175fcf9bf6cdb47ccbec78b
49052	6	0	-1	1000	0	Elder overload salve (6)	elder overload salve (6)@0	597e406ecf8d6487f9e489a18893be589ce9a0a5dab3c6b09042fe10869372de
50877	6	0	-1	1000	0	Holy aggroverload (6)	holy aggroverload (6)@0	ec9be9a12b26105e498da1d9d0107dee804bed0969cf9c10666886e7abeaa6fe
33246	6	0	-1	1000	0	Holy overload potion (6)	holy overload potion (6)@0	9167d3046600ea726e46db40839a54e139a99089c486fdaff611bb4f40e2ef14
23531	6	0	-1	1000	0	Overload flask (6)	overload flask (6)@0	1b36021dabeedeb749f7bf9dd9ca340f926a236285e7eca0128c2b01237065b6
33198	6	0	-1	1000	0	Overload salve (6)	overload salve (6)@0	0fe1a871cee39cf40592748c6ec8c56d3a7e8a2c39ec64f7bccb0312138eec29
2434	6	0	-1	1000	0	Prayer potion (4)	prayer potion (4)@0	7c7403f5bcb000c60493a8da89ec153122e5452e68300123a1e5ea499962278f
23219	6	0	-1	1000	0	Restore flask (6)	restore flask (6)@0	80980236f3547805cdaa7fea9ae5deb0fd8b88e85f9dc80365be7fbd784379bd
2430	6	0	-1	1000	0	Restore potion (4)	restore potion (4)@0	e96b700df3734deff944ceb0fe334ad1357a00b5e1ed197baffe3c061b00f1f5
33258	6	0	-1	1000	0	Searing overload potion (6)	searing overload potion (6)@0	3390b66f13cc44fc8bd7550a6c9b785c49cfbde9d02f3eafa88a912066664018
49027	6	0	-1	1000	0	Spiritual prayer potion (6)	spiritual prayer potion (6)@0	38f95ba5f4615d898bc4a56ad155b54d0cc16452a90f927453e2a01c69c5363b
23399	6	0	-1	1000	0	Super restore flask (6)	super restore flask (6)@0	0d411110d44787e8410c4d407864d2ce55f355279d542b31e17943336573c44b
33210	6	0	-1	1000	0	Supreme overload potion (6)	supreme overload potion (6)@0	ec05214e1e948448b9fb66476402e43c18fa932b87d353ff4061c91a0f067ec4
33222	6	0	-1	1000	0	Supreme overload salve (6)	supreme overload salve (6)@0	6c7fb8c0bd86b73817339cb9e788d7aa451efce03034034a12f721745595fd35
58036	6	99	13	10000	1	Primal arrow	primal arrow@99	39f4330568cbf1dbfbb02b6545767bec188542ce9b44706e8bd014ea0263da89
58041	6	99	13	10000	1	Primal bolts	primal bolts@99	7df3ecf1caae1fe66a62c9fd78215f85556fbc9956d4bf40b63cc579d925a1a2
15300	6	0	-1	1000	0	Adrenaline potion (4)	adrenaline potion (4)@0	09d75c5147d705033bf472cb06adf42d3fb12041b78b41db3adfce924363aa7b
556	6	0	-1	10000	1	Air rune	air rune@0	117de921b349db28c25e1b5712931ecc8a88faf15f1fb91a7d440679f91cba76
9075	6	0	-1	10000	1	Astral rune	astral rune@0	56091fe71888c6e619600c19a0578e16054f5493040061140483a21aa9d01fe0
565	6	0	-1	10000	1	Blood rune	blood rune@0	ad4df134e3d9e42a861ee5cd4d7ee1d5e8cfba27cb669fb319121166f2c3e801
562	6	0	-1	10000	1	Chaos rune	chaos rune@0	3bb616d2acbf14311a359d110134b6d820a82df1aa6180ebb150c98220627fc3
3144	6	0	-1	1000	0	Cooked karambwan	cooked karambwan@0	efce57975258daba89490e2c334e986e3aabb773f8fe67eef39ecd32dab1cc7f
564	6	0	-1	10000	1	Cosmic rune	cosmic rune@0	a800538b74b0346e6c81071f712700e435012db1c7e2c7d89baec1a030a15194
560	6	0	-1	10000	1	Death rune	death rune@0	9e6ea374527f9eb54494e77830dbaf1fa47d32312f50213ad174e1f0a7182f36
557	6	0	-1	10000	1	Earth rune	earth rune@0	bb6d975005cabefc616ec6fcfa8931a9db022790e393c476bcc634edb9a8387c
48173	6	0	-1	1000	0	Extended super antifire flask (6)	extended super antifire flask (6)@0	a6e3fa24d9c893e02458f267f49ca609b5149e348f9e93e9d2bf00b1211a2740
554	6	0	-1	10000	1	Fire rune	fire rune@0	9dc1d4469311a9ef197f09389547e55ab9ad7603913ce182a85a369914bcf67c
34736	6	0	-1	1000	0	Great gunkan	great gunkan@0	d6e50285484e29de1826dfe300d5e81d19e0777339499a13e096ea39a502cfc0
42258	6	0	-1	1000	0	Green blubber jellyfish	green blubber jellyfish@0	69c111ade07dcf4862ab44b03060bbf1def51efd131a733e03387215ea6671da
563	6	0	-1	10000	1	Law rune	law rune@0	05a32b219929d24b048070b84c6019fe6b5fa548621b4a3c7838ba5da996dfc2
391	6	0	-1	1000	0	Manta ray	manta ray@0	0389b31106c05e6d831be0432f08df9fd5c4c04c0591da686b5fd906848c3d94
561	6	0	-1	10000	1	Nature rune	nature rune@0	e4021d39b25de68235c3e6705bac156c951334a3a554a56db0053a8fc472fde2
23351	6	0	-1	1000	0	Saradomin brew flask (6)	saradomin brew flask (6)@0	b69efcf67c0435bf64aab7f3340587fd177ee71d80ea9ae3da2cd815af5fafe7
566	6	0	-1	10000	1	Soul rune	soul rune@0	5d043110121f8819e4b14b59eaed387a0e5c863f16991859a3504c51b44b12a1
39212	6	0	-1	1000	0	Super adrenaline potion (4)	super adrenaline potion (4)@0	1b038f9884759212e564d0f00a59f32f1b087f8c6ad212ce38426845e8dd8728
23489	6	0	-1	1000	0	Super antifire flask (6)	super antifire flask (6)@0	23563d30021aae5be436e1936c1c39aa970391833e9e130048b18de830226ca7
28227	6	0	-1	1000	0	Super Saradomin brew flask (6)	super saradomin brew flask (6)@0	c78051a689ecfd35984bba0498cb5d3be40d4e863f5c814fe5364e8aea3ffbf6
7060	6	0	-1	1000	0	Tuna potato	tuna potato@0	356599f12e2e7c4b297ebd8eac56466e1529ce3e29300cc44c48483c8da17fec
555	6	0	-1	10000	1	Water rune	water rune@0	1579a3ac5d8ce2e14126fdfde438d38f2d81bd34b0b5209d70f0851bea3b029c
19675	7	21	17	28	2	Herbicide	herbicide@21	68675b3d1cb59bf2a7c749a604147ca07134118fe99fa8b33701309f36999707
8011	7	0	-1	10000	1	Ardougne teleport	ardougne teleport@0	d112cc03be67f6d9f99a0c36cf0686e662740e31cf05dcecdfdd91ea00495762
18337	7	0	17	28	0	Bonecrusher	bonecrusher@0	8485d469f4eb42921068a374d50b59affd5464211627a268f6f6246db0337d20
8010	7	0	-1	10000	1	Camelot teleport	camelot teleport@0	dc110db3a1be35cacd9cffa289133d9e8904eac5366f9cc444943177d8ea7840
27996	7	0	17	28	0	Charming imp	charming imp@0	a83a2a3c694b79231aa89a7b3a363462875f632d03e3860433958b01103860c3
8009	7	0	-1	10000	1	Falador teleport	falador teleport@0	bcb7b5aa011a6df32b876c18c12a975d35c1fb930af8683664b43c810c958fdd
8008	7	0	-1	10000	1	Lumbridge teleport	lumbridge teleport@0	711963001a0bb2b26b64051044f919ceca46c061e5aaf1e1d64e1edfac09eac2
30372	7	0	-1	10000	1	Magic notepaper	magic notepaper@0	bb9a514dcd118dfade90e9e10dd0dca0bbad6253b7c68585ccce61591ac8e7d1
31188	7	0	17	28	0	Seedicide	seedicide@0	8e772190a45ed5e35c21ed5a7b2141f8c05f3f2b3f7f432fb0201be8049d10f3
31612	7	0	-1	1000	0	Spring cleaner	spring cleaner@0	540c107cab6060cf991e75137176fcef60807af1799c122909654ee6971cd877
8007	7	0	-1	10000	1	Varrock teleport	varrock teleport@0	4f4af8027bc189b97b4722c484fdf41225c8d92144e48b485155c6e1bf4fae15
8012	7	0	-1	10000	1	Watchtower teleport	watchtower teleport@0	5adb01cc43c605ce24bbe5dde6facdc154cf5ddbd4dbbe6aa7853a9d42727a3d
