Sew: Leather boots	1061	level=1	xp=16.3	out=1	1741x1 (Leather)  tools=[1733, 1734]
Sew: Leather vambraces	1063	level=11	xp=22.0	out=1	1741x1 (Leather)  tools=[1733, 1734]
Sew: Leather cowl	1167	level=1	xp=18.5	out=1	1741x1 (Leather)  tools=[1733, 1734]
Sew: Leather gloves	1059	level=1	xp=13.8	out=1	1741x1 (Leather)  tools=[1733, 1734]
Sew: Leather chaps	1095	level=1	xp=27.0	out=1	1741x1 (Leather)  tools=[1733, 1734]
Sew: Leather body	1129	level=1	xp=25.0	out=1	1741x1 (Leather)  tools=[1733, 1734]
Sew: Green dragonhide vambraces	1065	level=40	xp=62.0	out=1	1745x1 (Green dragon leather)  tools=[1733, 1734]
Sew: Green dragonhide chaps	1099	level=40	xp=124.0	out=1	1745x2 (Green dragon leather)  tools=[1733, 1734]
Sew: Green dragonhide body	1135	level=40	xp=186.0	out=1	1745x3 (Green dragon leather)  tools=[1733, 1734]
Sew: Blue dragonhide vambraces	2487	level=50	xp=70.0	out=1	2505x1 (Blue dragon leather)  tools=[1733, 1734]
Sew: Blue dragonhide chaps	2493	level=50	xp=140.0	out=1	2505x2 (Blue dragon leather)  tools=[1733, 1734]
Sew: Blue dragonhide body	2499	level=50	xp=210.0	out=1	2505x3 (Blue dragon leather)  tools=[1733, 1734]
Sew: Red dragonhide vambraces	2489	level=55	xp=78.0	out=1	2507x1 (Red dragon leather)  tools=[1733, 1734]
Sew: Red dragonhide chaps	2495	level=55	xp=156.0	out=1	2507x2 (Red dragon leather)  tools=[1733, 1734]
Sew: Red dragonhide body	2501	level=55	xp=234.0	out=1	2507x3 (Red dragon leather)  tools=[1733, 1734]
Sew: Black dragonhide vambraces	2491	level=60	xp=86.0	out=1	2509x1 (Black dragon leather)  tools=[1733, 1734]
Sew: Black dragonhide chaps	2497	level=60	xp=172.0	out=1	2509x2 (Black dragon leather)  tools=[1733, 1734]
Sew: Black dragonhide body	2503	level=60	xp=258.0	out=1	2509x3 (Black dragon leather)  tools=[1733, 1734]
Sew: Snakeskin bandana	6326	level=48	xp=45.0	out=1	6289x5 (Snakeskin)  tools=[1733, 1734]
Sew: Snakeskin body	6322	level=53	xp=55.0	out=1	6289x15 (Snakeskin)  tools=[1733, 1734]
Sew: Snakeskin chaps	6324	level=51	xp=50.0	out=1	6289x12 (Snakeskin)  tools=[1733, 1734]
Sew: Snakeskin boots	6328	level=45	xp=30.0	out=1	6289x6 (Snakeskin)  tools=[1733, 1734]
Sew: Snakeskin vambraces	6330	level=47	xp=35.0	out=1	6289x8 (Snakeskin)  tools=[1733, 1734]
Sew: Royal dragonhide body	24382	level=65	xp=282.0	out=1	24374x3 (Royal dragon leather)  tools=[1733, 1734]
Sew: Royal dragonhide vambraces	24376	level=65	xp=94.0	out=1	24374x1 (Royal dragon leather)  tools=[1733, 1734]
Sew: Royal dragonhide chaps	24379	level=65	xp=188.0	out=1	24374x2 (Royal dragon leather)  tools=[1733, 1734]
Sew: Imphide hood	25845	level=12	xp=20.0	out=1	25545x2 (Imphide)  tools=[1733, 1734]
Sew: Imphide robe top	25847	level=14	xp=30.0	out=1	25545x3 (Imphide)  tools=[1733, 1734]
Sew: Imphide robe bottom	25849	level=13	xp=20.0	out=1	25545x2 (Imphide)  tools=[1733, 1734]
Sew: Imphide gloves	25851	level=10	xp=10.0	out=1	25545x1 (Imphide)  tools=[1733, 1734]
Sew: Imphide boots	25853	level=11	xp=10.0	out=1	25545x1 (Imphide)  tools=[1733, 1734]
Sew: Spider silk hood	25835	level=22	xp=25.0	out=1	25547x2 (Spider silk)  tools=[1733, 1734]
Sew: Spider silk robe top	25837	level=24	xp=37.5	out=1	25547x3 (Spider silk)  tools=[1733, 1734]
Sew: Spider silk robe bottom	25839	level=23	xp=25.0	out=1	25547x2 (Spider silk)  tools=[1733, 1734]
Sew: Spider silk boots	25841	level=21	xp=12.5	out=1	25547x1 (Spider silk)  tools=[1733, 1734]
Sew: Spider silk gloves	25843	level=20	xp=12.5	out=1	25547x1 (Spider silk)  tools=[1733, 1734]
Sew: Carapace helm	25857	level=33	xp=24.0	out=1	25551x2 (Carapace)  tools=[1733, 1734]
Sew: Carapace torso	25859	level=35	xp=36.0	out=1	25551x3 (Carapace)  tools=[1733, 1734]
Sew: Carapace legs	25861	level=34	xp=24.0	out=1	25551x2 (Carapace)  tools=[1733, 1734]
Sew: Carapace boots	25863	level=31	xp=12.0	out=1	25551x1 (Carapace)  tools=[1733, 1734]
Sew: Carapace gloves	25865	level=30	xp=12.0	out=1	25551x1 (Carapace)  tools=[1733, 1734]
Sew: Batwing hood	25825	level=33	xp=24.0	out=1	25549x2 (Batwing)  tools=[1733, 1734]
Sew: Batwing torso	25827	level=35	xp=36.0	out=1	25549x3 (Batwing)  tools=[1733, 1734]
Sew: Batwing legs	25831	level=34	xp=24.0	out=1	25549x2 (Batwing)  tools=[1733, 1734]
Sew: Batwing boots	25833	level=31	xp=12.0	out=1	25549x1 (Batwing)  tools=[1733, 1734]
Sew: Batwing gloves	25829	level=30	xp=12.0	out=1	25549x1 (Batwing)  tools=[1733, 1734]
Sew: Wizard hat	579	level=1	xp=5.0	out=1	3224x1 (Strip of cloth)  tools=[1733, 1734]
Sew: Wizard robe top	577	level=1	xp=10.0	out=1	3224x2 (Strip of cloth)  tools=[1733, 1734]
Sew: Wizard robe skirt	1011	level=1	xp=10.0	out=1	3224x2 (Strip of cloth)  tools=[1733, 1734]
Sew: Wizard gloves	25873	level=1	xp=5.0	out=1	3224x1 (Strip of cloth)  tools=[1733, 1734]
Sew: Wizard boots	41225	level=1	xp=5.0	out=1	3224x1 (Strip of cloth)  tools=[1733, 1734]
Spin: Ball of wool	1759	level=1	xp=2.5	out=1	1737x1 (Wool)  tools=[]
Spin: Bowstring	1777	level=1	xp=15.0	out=1	1779x1 (Flax)  tools=[]
Spin: Crossbow string	9438	level=10	xp=15.0	out=1	9436x1 (Sinew)  tools=[]
Spin: Magic string	6038	level=19	xp=30.0	out=1	6051x1 (Magic roots)  tools=[]
Spin: Rope	954	level=30	xp=25.0	out=1	10814x1 (Hair)  tools=[]
Jewellery: Gold ring	1635	level=5	xp=15.0	out=1	2357x1 (Gold bar)  tools=[1592]
Jewellery: Sapphire ring	1637	level=20	xp=40.0	out=1	1607x1 (Sapphire) 2357x1 (Gold bar)  tools=[1592]
Jewellery: Emerald ring	1639	level=27	xp=55.0	out=1	1605x1 (Emerald) 2357x1 (Gold bar)  tools=[1592]
Jewellery: Ruby ring	1641	level=34	xp=70.0	out=1	1603x1 (Ruby) 2357x1 (Gold bar)  tools=[1592]
Jewellery: Diamond ring	1643	level=43	xp=85.0	out=1	1601x1 (Diamond) 2357x1 (Gold bar)  tools=[1592]
Jewellery: Dragonstone ring	1645	level=55	xp=100.0	out=1	1615x1 (Dragonstone) 2357x1 (Gold bar)  tools=[1592]
Jewellery: Onyx ring	6575	level=72	xp=115.0	out=1	6573x1 (Onyx) 2357x1 (Gold bar)  tools=[1592]
Jewellery: Gold necklace	1654	level=6	xp=20.0	out=1	2357x1 (Gold bar)  tools=[1597]
Jewellery: Sapphire necklace	1656	level=22	xp=55.0	out=1	1607x1 (Sapphire) 2357x1 (Gold bar)  tools=[1597]
Jewellery: Emerald necklace	1658	level=29	xp=60.0	out=1	1605x1 (Emerald) 2357x1 (Gold bar)  tools=[1597]
Jewellery: Ruby necklace	1660	level=40	xp=75.0	out=1	1603x1 (Ruby) 2357x1 (Gold bar)  tools=[1597]
Jewellery: Diamond necklace	1662	level=56	xp=90.0	out=1	1601x1 (Diamond) 2357x1 (Gold bar)  tools=[1597]
Jewellery: Dragonstone necklace	1664	level=72	xp=105.0	out=1	1615x1 (Dragonstone) 2357x1 (Gold bar)  tools=[1597]
Jewellery: Onyx necklace	6577	level=82	xp=120.0	out=1	6573x1 (Onyx) 2357x1 (Gold bar)  tools=[1597]
Jewellery: Gold amulet	1673	level=8	xp=30.0	out=1	2357x1 (Gold bar)  tools=[1595]
Jewellery: Sapphire amulet	1675	level=24	xp=65.0	out=1	1607x1 (Sapphire) 2357x1 (Gold bar)  tools=[1595]
Jewellery: Emerald amulet	1677	level=31	xp=70.0	out=1	1605x1 (Emerald) 2357x1 (Gold bar)  tools=[1595]
Jewellery: Ruby amulet	1679	level=50	xp=85.0	out=1	1603x1 (Ruby) 2357x1 (Gold bar)  tools=[1595]
Jewellery: Diamond amulet	1681	level=70	xp=100.0	out=1	1601x1 (Diamond) 2357x1 (Gold bar)  tools=[1595]
Jewellery: Dragonstone amulet	1683	level=80	xp=150.0	out=1	1615x1 (Dragonstone) 2357x1 (Gold bar)  tools=[1595]
Jewellery: Onyx amulet	6579	level=90	xp=165.0	out=1	6573x1 (Onyx) 2357x1 (Gold bar)  tools=[1595]
Jewellery: Gold bracelet	11069	level=7	xp=25.0	out=1	2357x1 (Gold bar)  tools=[11065]
Jewellery: Sapphire bracelet	11072	level=23	xp=60.0	out=1	1607x1 (Sapphire) 2357x1 (Gold bar)  tools=[11065]
Jewellery: Emerald bracelet	11076	level=30	xp=65.0	out=1	1605x1 (Emerald) 2357x1 (Gold bar)  tools=[11065]
Jewellery: Ruby bracelet	11085	level=42	xp=80.0	out=1	1603x1 (Ruby) 2357x1 (Gold bar)  tools=[11065]
Jewellery: Diamond bracelet	11092	level=58	xp=95.0	out=1	1601x1 (Diamond) 2357x1 (Gold bar)  tools=[11065]
Jewellery: Dragonstone bracelet	11115	level=74	xp=110.0	out=1	1615x1 (Dragonstone) 2357x1 (Gold bar)  tools=[11065]
Jewellery: Onyx bracelet	11130	level=84	xp=125.0	out=1	6573x1 (Onyx) 2357x1 (Gold bar)  tools=[11065]
Silver: Unstrung symbol	1714	level=16	xp=50.0	out=1	2355x1 (Silver bar)  tools=[1599]
Silver: Tiara	5525	level=23	xp=52.5	out=1	2355x1 (Silver bar)  tools=[5523]
Glass: Beer glass	1919	level=1	xp=17.5	out=1	1775x1 (Molten glass)  tools=[1785]
Glass: Candle lantern	4527	level=4	xp=19.0	out=1	1775x1 (Molten glass)  tools=[1785]
Glass: Oil lamp (empty)	4525	level=12	xp=25.0	out=1	1775x1 (Molten glass)  tools=[1785]
Glass: Vial	229	level=33	xp=35.0	out=1	1775x1 (Molten glass)  tools=[1785]
Glass: Fishbowl	6667	level=42	xp=42.5	out=1	1775x1 (Molten glass)  tools=[1785]
Glass: Unpowered orb	567	level=46	xp=52.5	out=1	1775x1 (Molten glass)  tools=[1785]
Glass: Lantern lens	4542	level=49	xp=55.0	out=1	1775x1 (Molten glass)  tools=[1785]
Glass: Empty light orb	10980	level=87	xp=70.0	out=1	1775x1 (Molten glass)  tools=[1785]
Pottery: Pot (unfired)	1787	level=1	xp=6.3	out=1	1761x1 (Soft clay)  tools=[]
Pottery: Pie dish (unfired)	1789	level=7	xp=15.0	out=1	1761x1 (Soft clay)  tools=[]
Pottery: Bowl (unfired)	1791	level=8	xp=18.0	out=1	1761x1 (Soft clay)  tools=[]
Pottery: Unfired plant pot	5352	level=19	xp=20.0	out=1	1761x1 (Soft clay)  tools=[]
Fire pottery: Empty pot	1931	level=1	xp=6.3	out=1	1787x1 (Pot (unfired))  tools=[]
Fire pottery: Pie dish	2313	level=7	xp=10.0	out=1	1789x1 (Pie dish (unfired))  tools=[]
Fire pottery: Bowl	1923	level=8	xp=15.0	out=1	1791x1 (Bowl (unfired))  tools=[]
Fire pottery: Plant pot	5350	level=19	xp=17.5	out=1	5352x1 (Unfired plant pot)  tools=[]
Melt glass: Molten glass	1775	level=1	xp=20.0	out=1	1781x1 (Soda ash) 1783x1 (Bucket of sand)  tools=[]
Infuse pouch: Spirit wolf pouch	12047	level=1	xp=4.8	out=1	12183x7 (Spirit shards) 12158x1 (Gold charm) 12155x1 (Pouch) 2859x1 (Wolf bones)  tools=[]
Infuse pouch: Dreadfowl pouch	12043	level=4	xp=9.3	out=1	12183x8 (Spirit shards) 12158x1 (Gold charm) 12155x1 (Pouch) 2138x1 (Raw chicken)  tools=[]
Infuse pouch: Spirit spider pouch	12059	level=10	xp=12.6	out=1	12183x8 (Spirit shards) 12158x1 (Gold charm) 12155x1 (Pouch) 6291x1 (Spider carcass)  tools=[]
Infuse pouch: Thorny snail pouch	12019	level=13	xp=12.6	out=1	12183x9 (Spirit shards) 12158x1 (Gold charm) 12155x1 (Pouch) 3363x1 (Thin snail)  tools=[]
Infuse pouch: Granite crab pouch	12009	level=16	xp=21.6	out=1	12183x7 (Spirit shards) 12158x1 (Gold charm) 12155x1 (Pouch) 440x1 (Iron ore)  tools=[]
Infuse pouch: Spirit mosquito pouch	12778	level=17	xp=46.5	out=1	12183x1 (Spirit shards) 12158x1 (Gold charm) 12155x1 (Pouch) 6319x1 (Proboscis)  tools=[]
Infuse pouch: Desert wyrm pouch	12049	level=18	xp=31.2	out=1	12183x45 (Spirit shards) 12159x1 (Green charm) 12155x1 (Pouch) 1783x1 (Bucket of sand)  tools=[]
Infuse pouch: Spirit scorpion pouch	12055	level=19	xp=83.2	out=1	12183x57 (Spirit shards) 12160x1 (Crimson charm) 12155x1 (Pouch) 3095x1 (Bronze claws)  tools=[]
Infuse pouch: Spirit tz-kih pouch	12808	level=22	xp=96.8	out=1	12183x64 (Spirit shards) 12160x1 (Crimson charm) 12155x1 (Pouch) 12168x1 (Obsidian charm)  tools=[]
Infuse pouch: Albino rat pouch	12067	level=23	xp=202.4	out=1	12183x75 (Spirit shards) 12163x1 (Blue charm) 12155x1 (Pouch) 2134x1 (Raw rat meat)  tools=[]
Infuse pouch: Spirit kalphite pouch	12063	level=25	xp=220.0	out=1	12183x51 (Spirit shards) 12163x1 (Blue charm) 12155x1 (Pouch) 3138x1 (Potato cactus)  tools=[]
Infuse pouch: Compost mound pouch	12091	level=28	xp=49.8	out=1	12183x47 (Spirit shards) 12159x1 (Green charm) 12155x1 (Pouch) 6032x1 (Compost)  tools=[]
Infuse pouch: Giant chinchompa pouch	12800	level=29	xp=255.2	out=1	12183x84 (Spirit shards) 12163x1 (Blue charm) 12155x1 (Pouch) 10033x1 (Chinchompa)  tools=[]
Infuse pouch: Vampyre bat pouch	12053	level=31	xp=136.0	out=1	12183x81 (Spirit shards) 12160x1 (Crimson charm) 12155x1 (Pouch) 3325x1 (Vampyre dust)  tools=[]
Infuse pouch: Honey badger pouch	12065	level=32	xp=140.8	out=1	12183x84 (Spirit shards) 12160x1 (Crimson charm) 12155x1 (Pouch) 12156x1 (Honeycomb)  tools=[]
Infuse pouch: Beaver pouch	12021	level=33	xp=57.6	out=1	12183x72 (Spirit shards) 12159x1 (Green charm) 12155x1 (Pouch) 1519x1 (Willow logs)  tools=[]
Infuse pouch: Void ravager pouch	12818	level=34	xp=59.6	out=1	12183x74 (Spirit shards) 12159x1 (Green charm) 12155x1 (Pouch) 12164x1 (Ravager charm)  tools=[]
Infuse pouch: Void spinner pouch	12780	level=34	xp=59.6	out=1	12183x74 (Spirit shards) 12163x1 (Blue charm) 12155x1 (Pouch) 12166x1 (Spinner charm)  tools=[]
Infuse pouch: Void torcher pouch	12798	level=34	xp=59.6	out=1	12183x74 (Spirit shards) 12163x1 (Blue charm) 12155x1 (Pouch) 12167x1 (Torcher charm)  tools=[]
Infuse pouch: Void shifter pouch	12814	level=34	xp=59.6	out=1	12183x74 (Spirit shards) 12163x1 (Blue charm) 12155x1 (Pouch) 12165x1 (Shifter charm)  tools=[]
Infuse pouch: Bronze minotaur pouch	12073	level=36	xp=316.8	out=1	12183x102 (Spirit shards) 12163x1 (Blue charm) 12155x1 (Pouch) 2349x1 (Bronze bar)  tools=[]
Infuse pouch: Iron minotaur pouch	12075	level=46	xp=404.8	out=1	12183x125 (Spirit shards) 12163x1 (Blue charm) 12155x1 (Pouch) 2351x1 (Iron bar)  tools=[]
Infuse pouch: Steel minotaur pouch	12077	level=56	xp=492.8	out=1	12183x141 (Spirit shards) 12163x1 (Blue charm) 12155x1 (Pouch) 2353x1 (Steel bar)  tools=[]
Infuse pouch: Mithril minotaur pouch	12079	level=66	xp=580.8	out=1	12183x152 (Spirit shards) 12163x1 (Blue charm) 12155x1 (Pouch) 2359x1 (Mithril bar)  tools=[]
Infuse pouch: Adamant minotaur pouch	12081	level=76	xp=668.8	out=1	12183x144 (Spirit shards) 12163x1 (Blue charm) 12155x1 (Pouch) 2361x1 (Adamant bar)  tools=[]
Infuse pouch: Rune minotaur pouch	12083	level=86	xp=756.8	out=1	12183x100 (Spirit shards) 12163x1 (Blue charm) 12155x1 (Pouch) 2363x1 (Rune bar)  tools=[]
Infuse pouch: Bull ant pouch	12087	level=40	xp=52.8	out=1	12183x11 (Spirit shards) 12158x1 (Gold charm) 12155x1 (Pouch) 6010x1 (Marigolds)  tools=[]
Infuse pouch: Macaw pouch	12071	level=41	xp=72.4	out=1	12183x78 (Spirit shards) 12159x1 (Green charm) 12155x1 (Pouch) 249x1 (Clean guam)  tools=[]
Infuse pouch: Evil turnip pouch	12051	level=42	xp=184.8	out=1	12183x104 (Spirit shards) 12160x1 (Crimson charm) 12155x1 (Pouch) 12153x1 (Carved evil turnip)  tools=[]
Infuse pouch: Spirit cockatrice pouch	12095	level=43	xp=75.2	out=1	12183x88 (Spirit shards) 12159x1 (Green charm) 12155x1 (Pouch) 12109x1 (Cockatrice egg)  tools=[]
Infuse pouch: Spirit guthatrice pouch	12097	level=43	xp=75.2	out=1	12183x88 (Spirit shards) 12159x1 (Green charm) 12155x1 (Pouch) 12111x1 (Guthatrice egg)  tools=[]
Infuse pouch: Spirit saratrice pouch	12099	level=43	xp=75.2	out=1	12183x88 (Spirit shards) 12159x1 (Green charm) 12155x1 (Pouch) 12113x1 (Saratrice egg)  tools=[]
Infuse pouch: Spirit zamatrice pouch	12101	level=43	xp=75.2	out=1	12183x88 (Spirit shards) 12159x1 (Green charm) 12155x1 (Pouch) 12115x1 (Zamatrice egg)  tools=[]
Infuse pouch: Spirit pengatrice pouch	12103	level=43	xp=75.2	out=1	12183x88 (Spirit shards) 12159x1 (Green charm) 12155x1 (Pouch) 12117x1 (Pengatrice egg)  tools=[]
Infuse pouch: Spirit coraxatrice pouch	12105	level=43	xp=75.2	out=1	12183x88 (Spirit shards) 12159x1 (Green charm) 12155x1 (Pouch) 12119x1 (Coraxatrice egg)  tools=[]
Infuse pouch: Spirit vulatrice pouch	12107	level=43	xp=75.2	out=1	12183x88 (Spirit shards) 12159x1 (Green charm) 12155x1 (Pouch) 12121x1 (Vulatrice egg)  tools=[]
Infuse pouch: Pyrelord pouch	12816	level=46	xp=202.4	out=1	12183x111 (Spirit shards) 12160x1 (Crimson charm) 12155x1 (Pouch) 590x1 (Tinderbox)  tools=[]
Infuse pouch: Magpie pouch	12041	level=47	xp=83.2	out=1	12183x88 (Spirit shards) 12159x1 (Green charm) 12155x1 (Pouch) 1635x1 (Gold ring)  tools=[]
Infuse pouch: Bloated leech pouch	12061	level=49	xp=215.2	out=1	12183x117 (Spirit shards) 12160x1 (Crimson charm) 12155x1 (Pouch) 2132x1 (Raw beef)  tools=[]
Infuse pouch: Spirit terrorbird pouch	12007	level=52	xp=68.4	out=1	12183x12 (Spirit shards) 12158x1 (Gold charm) 12155x1 (Pouch) 9978x1 (Raw bird meat)  tools=[]
Infuse pouch: Abyssal parasite pouch	12035	level=54	xp=94.8	out=1	12183x106 (Spirit shards) 12159x1 (Green charm) 12155x1 (Pouch) 12161x1 (Abyssal charm)  tools=[]
Infuse pouch: Spirit jelly pouch	12027	level=55	xp=484.0	out=1	12183x151 (Spirit shards) 12163x1 (Blue charm) 12155x1 (Pouch) 1937x1 (Jug of water)  tools=[]
Infuse pouch: Ibis pouch	12531	level=56	xp=98.8	out=1	12183x109 (Spirit shards) 12159x1 (Green charm) 12155x1 (Pouch) 311x1 (Harpoon)  tools=[]
Infuse pouch: Spirit kyatt pouch	12812	level=57	xp=501.6	out=1	12183x153 (Spirit shards) 12163x1 (Blue charm) 12155x1 (Pouch) 10103x1 (Kyatt fur)  tools=[]
Infuse pouch: Spirit larupia pouch	12784	level=57	xp=501.6	out=1	12183x155 (Spirit shards) 12163x1 (Blue charm) 12155x1 (Pouch) 10095x1 (Larupia fur)  tools=[]
Infuse pouch: Spirit graahk pouch	12810	level=57	xp=501.6	out=1	12183x154 (Spirit shards) 12163x1 (Blue charm) 12155x1 (Pouch) 10099x1 (Graahk fur)  tools=[]
Infuse pouch: Karam. overlord pouch	12023	level=58	xp=510.4	out=1	12183x144 (Spirit shards) 12163x1 (Blue charm) 12155x1 (Pouch) 6667x1 (Fishbowl)  tools=[]
Infuse pouch: Smoke devil pouch	12085	level=61	xp=268.0	out=1	12183x141 (Spirit shards) 12160x1 (Crimson charm) 12155x1 (Pouch) 9736x1 (Goat horn dust)  tools=[]
Infuse pouch: Abyssal lurker pouch	12037	level=62	xp=109.6	out=1	12183x119 (Spirit shards) 12159x1 (Green charm) 12155x1 (Pouch) 12161x1 (Abyssal charm)  tools=[]
Infuse pouch: Spirit cobra pouch	12015	level=63	xp=276.8	out=1	12183x116 (Spirit shards) 12160x1 (Crimson charm) 12155x1 (Pouch) 6287x1 (Snake hide)  tools=[]
Infuse pouch: Stranger plant pouch	12045	level=64	xp=281.6	out=1	12183x128 (Spirit shards) 12160x1 (Crimson charm) 12155x1 (Pouch) 8431x1 (Bagged plant 1)  tools=[]
Infuse pouch: Barker toad pouch	12123	level=66	xp=87.0	out=1	12183x11 (Spirit shards) 12158x1 (Gold charm) 12155x1 (Pouch) 2150x1 (Swamp toad)  tools=[]
Infuse pouch: War tortoise pouch	12031	level=67	xp=58.6	out=1	12183x1 (Spirit shards) 12158x1 (Gold charm) 12155x1 (Pouch) 7939x1 (Tortoise shell)  tools=[]
Infuse pouch: Bunyip pouch	12029	level=68	xp=119.2	out=1	12183x110 (Spirit shards) 12159x1 (Green charm) 12155x1 (Pouch) 383x1 (Raw shark)  tools=[]
Infuse pouch: Fruit bat pouch	12033	level=69	xp=121.2	out=1	12183x130 (Spirit shards) 12159x1 (Green charm) 12155x1 (Pouch) 1963x1 (Banana)  tools=[]
Infuse pouch: Ravenous locust pouch	12820	level=70	xp=132.0	out=1	12183x79 (Spirit shards) 12160x1 (Crimson charm) 12155x1 (Pouch) 1933x1 (Pot of flour)  tools=[]
Infuse pouch: Arctic bear pouch	12057	level=71	xp=93.2	out=1	12183x14 (Spirit shards) 12158x1 (Gold charm) 12155x1 (Pouch) 10117x1 (Polar kebbit fur)  tools=[]
Infuse pouch: Obsidian golem pouch	12792	level=73	xp=642.4	out=1	12183x195 (Spirit shards) 12163x1 (Blue charm) 12155x1 (Pouch) 12168x1 (Obsidian charm)  tools=[]
Infuse pouch: Granite lobster pouch	12069	level=74	xp=325.6	out=1	12183x166 (Spirit shards) 12160x1 (Crimson charm) 12155x1 (Pouch) 6983x1 (Granite (5kg))  tools=[]
Infuse pouch: Praying mantis pouch	12011	level=75	xp=329.6	out=1	12183x168 (Spirit shards) 12160x1 (Crimson charm) 12155x1 (Pouch) 2460x1 (Flowers)  tools=[]
Infuse pouch: Forge regent pouch	12782	level=76	xp=134.0	out=1	12183x141 (Spirit shards) 12159x1 (Green charm) 12155x1 (Pouch) 10020x1 (Ruby harvest jar)  tools=[]
Infuse pouch: Talon beast pouch	12794	level=77	xp=1015.2	out=1	12183x174 (Spirit shards) 12160x1 (Crimson charm) 12155x1 (Pouch) 12162x1 (Talon beast charm)  tools=[]
Infuse pouch: Giant ent pouch	12013	level=78	xp=136.8	out=1	12183x124 (Spirit shards) 12159x1 (Green charm) 12155x1 (Pouch) 5933x1 (Willow branch)  tools=[]
Infuse pouch: Hydra pouch	12025	level=80	xp=140.8	out=1	12183x128 (Spirit shards) 12159x1 (Green charm) 12155x1 (Pouch) 571x1 (Water orb)  tools=[]
Infuse pouch: Spirit dagannoth pouch	12017	level=83	xp=364.8	out=1	12183x1 (Spirit shards) 12160x1 (Crimson charm) 12155x1 (Pouch) 6155x1 (Dagannoth hide)  tools=[]
Infuse pouch: Wolpertinger pouch	12089	level=92	xp=404.8	out=1	12183x203 (Spirit shards) 12160x1 (Crimson charm) 12155x1 (Pouch) 2859x1 (Wolf bones) 3226x1 (Raw rabbit)  tools=[]
Infuse pouch: Pack yak pouch	12093	level=96	xp=422.4	out=1	12183x211 (Spirit shards) 12160x1 (Crimson charm) 12155x1 (Pouch) 10818x1 (Yak-hide)  tools=[]
Infuse pouch: Fire titan pouch	12802	level=79	xp=695.2	out=1	12183x198 (Spirit shards) 12163x1 (Blue charm) 12155x1 (Pouch) 1442x1 (Fire talisman)  tools=[]
Infuse pouch: Moss titan pouch	12804	level=79	xp=695.2	out=1	12183x202 (Spirit shards) 12163x1 (Blue charm) 12155x1 (Pouch) 1440x1 (Earth talisman)  tools=[]
Infuse pouch: Ice titan pouch	12806	level=79	xp=695.2	out=1	12183x198 (Spirit shards) 12163x1 (Blue charm) 12155x1 (Pouch) 1438x1 (Air talisman) 1444x1 (Water talisman)  tools=[]
Infuse pouch: Lava titan pouch	12788	level=83	xp=730.4	out=1	12183x219 (Spirit shards) 12163x1 (Blue charm) 12155x1 (Pouch) 12168x1 (Obsidian charm)  tools=[]
Infuse pouch: Swamp titan pouch	12776	level=85	xp=373.6	out=1	12183x150 (Spirit shards) 12160x1 (Crimson charm) 12155x1 (Pouch) 10149x1 (Green salamander)  tools=[]
Infuse pouch: Geyser titan pouch	12786	level=89	xp=783.2	out=1	12183x222 (Spirit shards) 12163x1 (Blue charm) 12155x1 (Pouch) 1444x1 (Water talisman)  tools=[]
Infuse pouch: Abyssal titan pouch	12796	level=93	xp=163.2	out=1	12183x113 (Spirit shards) 12159x1 (Green charm) 12155x1 (Pouch) 12161x1 (Abyssal charm)  tools=[]
Infuse pouch: Iron titan pouch	12822	level=95	xp=417.6	out=1	12183x198 (Spirit shards) 12160x1 (Crimson charm) 12155x1 (Pouch) 47072x1 (Iron ingot)  tools=[]
Infuse pouch: Unicorn stallion pouch	12039	level=88	xp=154.4	out=1	12183x140 (Spirit shards) 12159x1 (Green charm) 12155x1 (Pouch) 237x1 (Unicorn horn)  tools=[]
Infuse pouch: Steel titan pouch	12790	level=99	xp=435.2	out=1	12183x178 (Spirit shards) 12160x1 (Crimson charm) 12155x1 (Pouch) 47074x1 (Steel ingot)  tools=[]
Infuse pouch: Brawler demon pouch	34137	level=82	xp=346.9	out=1	12183x136 (Spirit shards) 12160x1 (Crimson charm) 12155x1 (Pouch) 33934x1 (Demon claw)  tools=[]
Infuse pouch: Executioner demon pouch	34139	level=82	xp=346.9	out=1	12183x136 (Spirit shards) 12160x1 (Crimson charm) 12155x1 (Pouch) 33934x1 (Demon claw)  tools=[]
Infuse pouch: Deacon demon pouch	34141	level=82	xp=346.9	out=1	12183x136 (Spirit shards) 12160x1 (Crimson charm) 12155x1 (Pouch) 33934x1 (Demon claw)  tools=[]
Infuse pouch: Light creature pouch	32829	level=88	xp=771.6	out=1	12183x204 (Spirit shards) 12163x1 (Blue charm) 12155x1 (Pouch) 32609x1 (Light core)  tools=[]
Infuse pouch: Pack mammoth pouch	36060	level=99	xp=439.8	out=1	12183x222 (Spirit shards) 12160x1 (Crimson charm) 12155x1 (Pouch) 36023x1 (Mammoth tusk)  tools=[]
Create scrolls: Spirit Wolf scroll (Howl)	12425	level=1	xp=0.1	out=10	12047x1 (Spirit wolf pouch)  tools=[]
Create scrolls: Dreadfowl scroll (Dreadfowl Strike)	12445	level=4	xp=0.1	out=10	12043x1 (Dreadfowl pouch)  tools=[]
Create scrolls: Spirit Spider scroll (Egg Spawn)	12428	level=10	xp=0.2	out=10	12059x1 (Spirit spider pouch)  tools=[]
Create scrolls: Thorny Snail scroll (Slime Spray)	12459	level=13	xp=0.2	out=10	12019x1 (Thorny snail pouch)  tools=[]
Create scrolls: Granite Crab scroll (Stony Shell)	12533	level=16	xp=0.2	out=10	12009x1 (Granite crab pouch)  tools=[]
Create scrolls: Spirit Mosquito scroll (Pester)	12838	level=17	xp=0.5	out=10	12778x1 (Spirit mosquito pouch)  tools=[]
Create scrolls: Desert Wyrm scroll (Electric Lash)	12460	level=18	xp=0.4	out=10	12049x1 (Desert wyrm pouch)  tools=[]
Create scrolls: Spirit Scorpion scroll (Venom Shot)	12432	level=19	xp=1.0	out=10	12055x1 (Spirit scorpion pouch)  tools=[]
Create scrolls: Spirit Tz-Kih scroll (Fireball Assault)	12839	level=22	xp=1.1	out=10	12808x1 (Spirit tz-kih pouch)  tools=[]
Create scrolls: Albino Rat scroll (Cheese Feast)	12430	level=23	xp=2.3	out=10	12067x1 (Albino rat pouch)  tools=[]
Create scrolls: Spirit Kalphite scroll (Sandstorm)	12446	level=25	xp=2.5	out=10	12063x1 (Spirit kalphite pouch)  tools=[]
Create scrolls: Compost Mound scroll (Generate Compost)	12440	level=28	xp=0.6	out=10	12091x1 (Compost mound pouch)  tools=[]
Create scrolls: Giant Chinchompa scroll (Explode)	12834	level=29	xp=2.9	out=10	12800x1 (Giant chinchompa pouch)  tools=[]
Create scrolls: Vampyre Bat scroll (Vampyre Touch)	12447	level=31	xp=1.5	out=10	12053x1 (Vampyre bat pouch)  tools=[]
Create scrolls: Honey Badger scroll (Insane Ferocity)	12433	level=32	xp=1.6	out=10	12065x1 (Honey badger pouch)  tools=[]
Create scrolls: Beaver scroll (Multichop)	12429	level=33	xp=0.7	out=10	12021x1 (Beaver pouch)  tools=[]
Create scrolls: Void scroll (Call to Arms)	12443	level=34	xp=0.7	out=10	12818x1 (Void ravager pouch)  tools=[]
Create scrolls: Bronze Minotaur scroll (Bronze Bull Rush)	12461	level=36	xp=3.6	out=10	12073x1 (Bronze minotaur pouch)  tools=[]
Create scrolls: Bull Ant scroll (Unburden)	12431	level=40	xp=0.6	out=10	12087x1 (Bull ant pouch)  tools=[]
Create scrolls: Macaw scroll (Herbcall)	12422	level=41	xp=0.8	out=10	12071x1 (Macaw pouch)  tools=[]
Create scrolls: Evil Turnip scroll (Evil Flames)	12448	level=42	xp=2.1	out=10	12051x1 (Evil turnip pouch)  tools=[]
Create scrolls: Spirit Cockatrice scroll (Petrifying Gaze)	12458	level=43	xp=0.9	out=10	12095x1 (Spirit cockatrice pouch)  tools=[]
Create scrolls: Iron Minotaur scroll (Iron Bull Rush)	12462	level=46	xp=4.6	out=10	12075x1 (Iron minotaur pouch)  tools=[]
Create scrolls: Pyrelord scroll (Immense Heat)	12829	level=46	xp=2.3	out=10	12816x1 (Pyrelord pouch)  tools=[]
Create scrolls: Magpie scroll (Thieving Fingers)	12426	level=47	xp=0.9	out=10	12041x1 (Magpie pouch)  tools=[]
Create scrolls: Bloated Leech scroll (Blood Drain)	12444	level=49	xp=2.4	out=10	12061x1 (Bloated leech pouch)  tools=[]
Create scrolls: Spirit Terrorbird scroll (Tireless Run)	12441	level=52	xp=0.5	out=10	12007x1 (Spirit terrorbird pouch)  tools=[]
Create scrolls: Abyssal Parasite scroll (Abyssal Drain)	12454	level=54	xp=1.1	out=10	12035x1 (Abyssal parasite pouch)  tools=[]
Create scrolls: Spirit Jelly scroll (Dissolve)	12453	level=55	xp=5.5	out=10	12027x1 (Spirit jelly pouch)  tools=[]
Create scrolls: Ibis scroll (Fish Rain)	12424	level=56	xp=1.1	out=10	12531x1 (Ibis pouch)  tools=[]
Create scrolls: Steel Minotaur scroll (Steel Bull Rush)	12463	level=56	xp=5.6	out=10	12077x1 (Steel minotaur pouch)  tools=[]
Create scrolls: Spirit Kyatt scroll (Ambush)	12836	level=57	xp=5.7	out=10	12812x1 (Spirit kyatt pouch)  tools=[]
Create scrolls: Spirit Larupia scroll (Rending)	12840	level=57	xp=5.7	out=10	12784x1 (Spirit larupia pouch)  tools=[]
Create scrolls: Spirit Graahk scroll (Goad)	12835	level=57	xp=5.7	out=10	12810x1 (Spirit graahk pouch)  tools=[]
Create scrolls: Karamthulu Overlord scroll (Doomsphere)	12455	level=58	xp=5.8	out=10	12023x1 (Karam. overlord pouch)  tools=[]
Create scrolls: Smoke Devil scroll (Dust Cloud)	12468	level=61	xp=3.0	out=10	12085x1 (Smoke devil pouch)  tools=[]
Create scrolls: Abyssal Lurker scroll (Abyssal Stealth)	12427	level=62	xp=1.2	out=10	12037x1 (Abyssal lurker pouch)  tools=[]
Create scrolls: Spirit Cobra scroll (Ophidian Incubation)	12436	level=63	xp=3.1	out=10	12015x1 (Spirit cobra pouch)  tools=[]
Create scrolls: Stranger Plant scroll (Poisonous Blast)	12467	level=64	xp=3.2	out=10	12045x1 (Stranger plant pouch)  tools=[]
Create scrolls: Mithril Minotaur scroll (Mithril Bull Rush)	12464	level=66	xp=6.6	out=10	12079x1 (Mithril minotaur pouch)  tools=[]
Create scrolls: Barker Toad scroll (Toad Bark)	12452	level=66	xp=1.0	out=10	12123x1 (Barker toad pouch)  tools=[]
Create scrolls: War Tortoise scroll (Testudo)	12439	level=67	xp=0.7	out=10	12031x1 (War tortoise pouch)  tools=[]
Create scrolls: Bunyip scroll (Swallow Whole)	12438	level=68	xp=1.4	out=10	12029x1 (Bunyip pouch)  tools=[]
Create scrolls: Fruit Bat scroll (Fruitfall)	12423	level=69	xp=1.4	out=10	12033x1 (Fruit bat pouch)  tools=[]
Create scrolls: Ravenous Locust scroll (Famine)	12830	level=70	xp=1.5	out=10	12820x1 (Ravenous locust pouch)  tools=[]
Create scrolls: Arctic Bear scroll (Arctic Blast)	12451	level=71	xp=1.1	out=10	12057x1 (Arctic bear pouch)  tools=[]
Create scrolls: Obsidian Golem scroll (Volcanic Strength)	12826	level=73	xp=7.3	out=10	12792x1 (Obsidian golem pouch)  tools=[]
Create scrolls: Granite Lobster scroll (Crushing Claw)	12449	level=74	xp=3.7	out=10	12069x1 (Granite lobster pouch)  tools=[]
Create scrolls: Praying Mantis scroll (Mantis Strike)	12450	level=75	xp=3.7	out=10	12011x1 (Praying mantis pouch)  tools=[]
Create scrolls: Forge Regent scroll (Inferno)	12841	level=76	xp=1.5	out=10	12782x1 (Forge regent pouch)  tools=[]
Create scrolls: Adamant Minotaur scroll (Adamant Bull Rush)	12465	level=76	xp=7.6	out=10	12081x1 (Adamant minotaur pouch)  tools=[]
Create scrolls: Talon Beast scroll (Deadly Claw)	12831	level=77	xp=11.4	out=10	12794x1 (Talon beast pouch)  tools=[]
Create scrolls: Giant Ent scroll (Acorn Missile)	12457	level=78	xp=1.6	out=10	12013x1 (Giant ent pouch)  tools=[]
Create scrolls: Elemental Titan scroll (Titan's Constitution)	12824	level=79	xp=7.9	out=10	12802x1 (Fire titan pouch)  tools=[]
Create scrolls: Hydra scroll (Regrowth)	12442	level=80	xp=1.6	out=10	12025x1 (Hydra pouch)  tools=[]
Create scrolls: Spirit Dagannoth scroll (Spike Shot)	12456	level=83	xp=4.1	out=10	12017x1 (Spirit dagannoth pouch)  tools=[]
Create scrolls: Lava Titan scroll (Ebon Thunder)	12837	level=83	xp=8.3	out=10	12788x1 (Lava titan pouch)  tools=[]
Create scrolls: Swamp Titan scroll (Swamp Plague)	12832	level=85	xp=4.2	out=10	12776x1 (Swamp titan pouch)  tools=[]
Create scrolls: Rune Minotaur scroll (Rune Bull Rush)	12466	level=86	xp=8.6	out=10	12083x1 (Rune minotaur pouch)  tools=[]
Create scrolls: Unicorn Stallion scroll (Healing Aura)	12434	level=88	xp=1.8	out=10	12039x1 (Unicorn stallion pouch)  tools=[]
Create scrolls: Geyser Titan scroll (Boil)	12833	level=89	xp=8.9	out=10	12786x1 (Geyser titan pouch)  tools=[]
Create scrolls: Wolpertinger scroll (Magic Focus)	12437	level=92	xp=4.6	out=10	12089x1 (Wolpertinger pouch)  tools=[]
Create scrolls: Abyssal Titan scroll (Essence Shipment)	12827	level=93	xp=1.9	out=10	12796x1 (Abyssal titan pouch)  tools=[]
Create scrolls: Iron Titan scroll (Iron Within)	12828	level=95	xp=4.7	out=10	12822x1 (Iron titan pouch)  tools=[]
Create scrolls: Pack Yak scroll (Winter Storage)	12435	level=96	xp=4.8	out=10	12093x1 (Pack yak pouch)  tools=[]
Create scrolls: Steel Titan scroll (Steel of Legends)	12825	level=99	xp=4.9	out=10	12790x1 (Steel titan pouch)  tools=[]
Create scrolls: Lesser Demon scroll (Ring of Fire)	34146	level=82	xp=3.9	out=10	34137x1 (Brawler demon pouch)  tools=[]
Create scrolls: Light Creature scroll (Enlightenment)	32832	level=88	xp=8.7	out=10	32829x1 (Light creature pouch)  tools=[]
Create scrolls: Void scroll (Call to Arms)	12443	level=34	xp=0.7	out=10	12780x1 (Void spinner pouch)  tools=[]
Create scrolls: Void scroll (Call to Arms)	12443	level=34	xp=0.7	out=10	12798x1 (Void torcher pouch)  tools=[]
Create scrolls: Void scroll (Call to Arms)	12443	level=34	xp=0.7	out=10	12814x1 (Void shifter pouch)  tools=[]
Create scrolls: Elemental Titan scroll (Titan's Constitution)	12824	level=79	xp=7.9	out=10	12804x1 (Moss titan pouch)  tools=[]
Create scrolls: Elemental Titan scroll (Titan's Constitution)	12824	level=79	xp=7.9	out=10	12806x1 (Ice titan pouch)  tools=[]
Create scrolls: Spirit Cockatrice scroll (Petrifying Gaze)	12458	level=43	xp=0.9	out=10	12097x1 (Spirit guthatrice pouch)  tools=[]
Create scrolls: Spirit Cockatrice scroll (Petrifying Gaze)	12458	level=43	xp=0.9	out=10	12099x1 (Spirit saratrice pouch)  tools=[]
Create scrolls: Spirit Cockatrice scroll (Petrifying Gaze)	12458	level=43	xp=0.9	out=10	12101x1 (Spirit zamatrice pouch)  tools=[]
Create scrolls: Spirit Cockatrice scroll (Petrifying Gaze)	12458	level=43	xp=0.9	out=10	12103x1 (Spirit pengatrice pouch)  tools=[]
Create scrolls: Spirit Cockatrice scroll (Petrifying Gaze)	12458	level=43	xp=0.9	out=10	12105x1 (Spirit coraxatrice pouch)  tools=[]
Create scrolls: Spirit Cockatrice scroll (Petrifying Gaze)	12458	level=43	xp=0.9	out=10	12107x1 (Spirit vulatrice pouch)  tools=[]
